"label","attractor","state","size","TBET","IFNG","GATA3","IL2","IL4","RORGT","IL6","FOXP3","TGFB","IL10","SOCS1","SOCS2","SOCS3","IFNGe","IL12e","IL2e","IL4e","IL6e","TGFBe","IL10e","TCR"
"Tr",1,1,1,0,0,0,0,0,0,0,0,1,0,0,0,0,0,0,0,0,0,1,0,1
"Tr",2,1,1,0,0,0,0,0,0,0,0,1,0,0,0,0,0,0,0,0,0,0,0,1
"Tex",3,1,1,0,0,0,1,0,0,0,0,0,0,1,1,0,1,0,1,0,0,0,0,1
"Tex",4,1,1,0,0,0,1,0,0,0,0,0,0,1,1,0,1,0,1,0,1,0,0,1
"Tex",5,1,1,0,0,0,1,0,0,0,0,0,0,1,1,0,1,0,0,0,0,0,0,1
"Tex",6,1,1,0,0,0,1,0,0,0,0,0,0,1,1,0,1,0,0,0,1,0,0,1
"Tex",7,1,1,0,0,0,1,0,0,0,0,0,0,1,1,0,0,0,0,0,0,0,0,1
"Tex",8,1,1,0,0,0,1,0,0,0,0,0,0,1,1,0,0,0,0,0,1,0,0,1
"Tex",9,1,1,0,0,0,1,0,0,0,0,0,0,1,1,0,0,0,1,0,0,0,0,1
"Tex",10,1,1,0,0,0,1,0,0,0,0,0,0,1,1,0,0,0,1,0,1,0,0,1
"Tex",11,1,1,1,0,0,1,0,0,0,0,0,0,1,1,0,0,0,1,0,0,0,0,1
"Tex",12,1,1,1,0,0,1,0,0,0,0,0,0,1,1,0,0,0,1,0,1,0,0,1
"Tex",13,1,1,1,0,0,1,0,0,0,0,0,0,1,1,0,0,0,0,0,0,0,0,1
"Tex",14,1,1,1,0,0,1,0,0,0,0,0,0,1,1,0,0,0,0,0,1,0,0,1
"Tex",15,1,1,1,0,0,1,0,0,0,0,0,0,1,1,0,1,0,0,0,0,0,0,1
"Tex",16,1,1,1,0,0,1,0,0,0,0,0,0,1,1,0,1,0,0,0,1,0,0,1
"Tex",17,1,1,1,0,0,1,0,0,0,0,0,0,1,1,0,1,0,1,0,0,0,0,1
"Tex",18,1,1,1,0,0,1,0,0,0,0,0,0,1,1,0,1,0,1,0,1,0,0,1
"Tex",19,1,1,1,0,0,1,0,0,0,0,0,0,1,1,0,1,1,1,0,0,0,0,1
"Tex",20,1,1,1,0,0,1,0,0,0,0,0,0,1,1,0,1,1,1,0,1,0,0,1
"Tex",21,1,1,1,0,0,1,0,0,0,0,0,0,1,1,0,1,1,1,1,0,0,0,1
"Tex",22,1,1,1,0,0,1,0,0,0,0,0,0,1,1,0,1,1,1,1,1,0,0,1
"Tex",23,1,1,1,0,0,1,0,0,0,0,0,0,1,1,0,1,1,0,1,0,0,0,1
"Tex",24,1,1,1,0,0,1,0,0,0,0,0,0,1,1,0,1,1,0,1,1,0,0,1
"Tex",25,1,1,1,0,0,1,0,0,0,0,0,0,1,1,0,1,1,0,0,0,0,0,1
"Tex",26,1,1,1,0,0,1,0,0,0,0,0,0,1,1,0,1,1,0,0,1,0,0,1
"Tex",27,1,1,1,0,0,1,0,0,0,0,0,0,1,1,0,0,1,0,0,0,0,0,1
"Tex",28,1,1,1,0,0,1,0,0,0,0,0,0,1,1,0,0,1,0,0,1,0,0,1
"Tex",29,1,1,1,0,0,1,0,0,0,0,0,0,1,1,0,0,1,0,1,0,0,0,1
"Tex",30,1,1,1,0,0,1,0,0,0,0,0,0,1,1,0,0,1,0,1,1,0,0,1
"Tex",31,1,1,1,0,0,1,0,0,0,0,0,0,1,1,0,0,1,1,1,0,0,0,1
"Tex",32,1,1,1,0,0,1,0,0,0,0,0,0,1,1,0,0,1,1,1,1,0,0,1
"Tex",33,1,1,1,0,0,1,0,0,0,0,0,0,1,1,0,0,1,1,0,0,0,0,1
"Tex",34,1,1,1,0,0,1,0,0,0,0,0,0,1,1,0,0,1,1,0,1,0,0,1
"Th2R",35,1,1,0,0,1,0,0,0,0,0,0,1,0,1,1,0,1,1,0,0,0,1,1
"Th2R",36,1,1,0,0,1,0,0,0,0,0,0,1,0,1,1,0,1,1,0,0,0,0,1
"Th2R",37,1,1,0,0,1,0,0,0,0,0,0,1,0,1,1,0,1,1,1,0,0,1,1
"Th2R",38,1,1,0,0,1,0,0,0,0,0,0,1,0,1,1,0,1,1,1,0,0,0,1
"Th2R",39,1,1,0,0,1,0,0,0,0,0,0,1,0,1,1,0,1,0,1,0,0,1,1
"Th2R",40,1,1,0,0,1,0,0,0,0,0,0,1,0,1,1,0,1,0,1,0,0,0,1
"Th2R",41,1,1,0,0,1,0,0,0,0,0,0,1,0,1,1,0,1,0,0,0,0,1,1
"Th2R",42,1,1,0,0,1,0,0,0,0,0,0,1,0,1,1,0,1,0,0,0,0,0,1
"Th2R",43,1,1,0,0,1,0,0,0,0,0,0,1,0,1,1,1,1,0,0,0,0,1,1
"Th2R",44,1,1,0,0,1,0,0,0,0,0,0,1,0,1,1,1,1,0,0,0,0,0,1
"Th2R",45,1,1,0,0,1,0,0,0,0,0,0,1,0,1,1,1,1,0,1,0,0,1,1
"Th2R",46,1,1,0,0,1,0,0,0,0,0,0,1,0,1,1,1,1,0,1,0,0,0,1
"Th2R",47,1,1,0,0,1,0,0,0,0,0,0,1,0,1,1,1,1,1,1,0,0,1,1
"Th2R",48,1,1,0,0,1,0,0,0,0,0,0,1,0,1,1,1,1,1,1,0,0,0,1
"Th2R",49,1,1,0,0,1,0,0,0,0,0,0,1,0,1,1,1,1,1,0,0,0,1,1
"Th2R",50,1,1,0,0,1,0,0,0,0,0,0,1,0,1,1,1,1,1,0,0,0,0,1
"Th2R",51,1,1,0,0,1,0,0,0,0,0,0,1,0,1,1,1,0,1,0,0,0,1,1
"Th2R",52,1,1,0,0,1,0,0,0,0,0,0,1,0,1,1,1,0,1,0,0,0,0,1
"Th2R",53,1,1,0,0,1,0,0,0,0,0,0,1,0,1,1,1,0,0,0,0,0,1,1
"Th2R",54,1,1,0,0,1,0,0,0,0,0,0,1,0,1,1,1,0,0,0,0,0,0,1
"Th2R",55,1,1,0,0,1,0,0,0,0,0,0,1,0,1,1,0,0,0,0,0,0,1,1
"Th2R",56,1,1,0,0,1,0,0,0,0,0,0,1,0,1,1,0,0,0,0,0,0,0,1
"Th2R",57,1,1,0,0,1,0,0,0,0,0,0,1,0,1,1,0,0,1,0,0,0,1,1
"Th2R",58,1,1,0,0,1,0,0,0,0,0,0,1,0,1,1,0,0,1,0,0,0,0,1
"Tex",59,1,1,0,0,1,0,0,0,0,0,0,0,0,0,0,0,0,0,0,0,0,0,1
"Tex",60,1,1,0,0,1,0,0,0,0,0,0,0,0,0,0,0,1,0,0,0,0,0,1
"Tex",61,1,1,0,0,1,0,0,0,0,0,0,0,0,0,0,0,1,0,1,0,0,0,1
"Tex",62,1,1,0,0,1,1,0,0,0,0,0,0,1,1,0,0,1,1,1,0,0,0,1
"Tex",63,1,1,0,0,1,1,0,0,0,0,0,0,1,1,0,0,1,1,1,1,0,0,1
"Tex",64,1,1,0,0,1,1,0,0,0,0,0,0,1,1,0,0,1,1,0,0,0,0,1
"Tex",65,1,1,0,0,1,1,0,0,0,0,0,0,1,1,0,0,1,1,0,1,0,0,1
"Tex",66,1,1,0,0,1,1,0,0,0,0,0,0,1,1,0,0,1,0,0,0,0,0,1
"Tex",67,1,1,0,0,1,1,0,0,0,0,0,0,1,1,0,0,1,0,0,1,0,0,1
"Tex",68,1,1,0,0,1,1,0,0,0,0,0,0,1,1,0,0,1,0,1,0,0,0,1
"Tex",69,1,1,0,0,1,1,0,0,0,0,0,0,1,1,0,0,1,0,1,1,0,0,1
"Tex",70,1,1,0,0,1,1,0,0,0,0,0,0,1,1,0,1,1,0,1,0,0,0,1
"Tex",71,1,1,0,0,1,1,0,0,0,0,0,0,1,1,0,1,1,0,1,1,0,0,1
"Tex",72,1,1,0,0,1,1,0,0,0,0,0,0,1,1,0,1,1,0,0,0,0,0,1
"Tex",73,1,1,0,0,1,1,0,0,0,0,0,0,1,1,0,1,1,0,0,1,0,0,1
"Tex",74,1,1,0,0,1,1,0,0,0,0,0,0,1,1,0,1,1,1,0,0,0,0,1
"Tex",75,1,1,0,0,1,1,0,0,0,0,0,0,1,1,0,1,1,1,0,1,0,0,1
"Tex",76,1,1,0,0,1,1,0,0,0,0,0,0,1,1,0,1,1,1,1,0,0,0,1
"Tex",77,1,1,0,0,1,1,0,0,0,0,0,0,1,1,0,1,1,1,1,1,0,0,1
"Th2R",78,1,1,0,0,1,1,0,0,0,0,0,1,1,1,1,1,1,1,1,0,0,1,1
"Th2R",79,1,1,0,0,1,1,0,0,0,0,0,1,1,1,1,1,1,1,1,1,0,1,1
"Th2R",80,1,1,0,0,1,1,0,0,0,0,0,1,1,1,1,1,1,1,1,0,0,0,1
"Th2R",81,1,1,0,0,1,1,0,0,0,0,0,1,1,1,1,1,1,1,1,1,0,0,1
"Th2R",82,1,1,0,0,1,1,0,0,0,0,0,1,1,1,1,1,1,1,0,0,0,0,1
"Th2R",83,1,1,0,0,1,1,0,0,0,0,0,1,1,1,1,1,1,1,0,1,0,0,1
"Th2R",84,1,1,0,0,1,1,0,0,0,0,0,1,1,1,1,1,1,1,0,0,0,1,1
"Th2R",85,1,1,0,0,1,1,0,0,0,0,0,1,1,1,1,1,1,1,0,1,0,1,1
"Th2R",86,1,1,0,0,1,1,0,0,0,0,0,1,1,1,1,1,1,0,0,0,0,1,1
"Th2R",87,1,1,0,0,1,1,0,0,0,0,0,1,1,1,1,1,1,0,0,1,0,1,1
"Th2R",88,1,1,0,0,1,1,0,0,0,0,0,1,1,1,1,1,1,0,0,0,0,0,1
"Th2R",89,1,1,0,0,1,1,0,0,0,0,0,1,1,1,1,1,1,0,0,1,0,0,1
"Th2R",90,1,1,0,0,1,1,0,0,0,0,0,1,1,1,1,1,1,0,1,0,0,0,1
"Th2R",91,1,1,0,0,1,1,0,0,0,0,0,1,1,1,1,1,1,0,1,1,0,0,1
"Th2R",92,1,1,0,0,1,1,0,0,0,0,0,1,1,1,1,1,1,0,1,0,0,1,1
"Th2R",93,1,1,0,0,1,1,0,0,0,0,0,1,1,1,1,1,1,0,1,1,0,1,1
"Th2R",94,1,1,0,0,1,1,0,0,0,0,0,1,1,1,1,0,1,0,1,0,0,1,1
"Th2R",95,1,1,0,0,1,1,0,0,0,0,0,1,1,1,1,0,1,0,1,1,0,1,1
"Th2R",96,1,1,0,0,1,1,0,0,0,0,0,1,1,1,1,0,1,0,1,0,0,0,1
"Th2R",97,1,1,0,0,1,1,0,0,0,0,0,1,1,1,1,0,1,0,1,1,0,0,1
"Th2R",98,1,1,0,0,1,1,0,0,0,0,0,1,1,1,1,0,1,0,0,0,0,0,1
"Th2R",99,1,1,0,0,1,1,0,0,0,0,0,1,1,1,1,0,1,0,0,1,0,0,1
"Th2R",100,1,1,0,0,1,1,0,0,0,0,0,1,1,1,1,0,1,0,0,0,0,1,1
"Th2R",101,1,1,0,0,1,1,0,0,0,0,0,1,1,1,1,0,1,0,0,1,0,1,1
"Th2R",102,1,1,0,0,1,1,0,0,0,0,0,1,1,1,1,0,1,1,0,0,0,1,1
"Th2R",103,1,1,0,0,1,1,0,0,0,0,0,1,1,1,1,0,1,1,0,1,0,1,1
"Th2R",104,1,1,0,0,1,1,0,0,0,0,0,1,1,1,1,0,1,1,0,0,0,0,1
"Th2R",105,1,1,0,0,1,1,0,0,0,0,0,1,1,1,1,0,1,1,0,1,0,0,1
"Th2R",106,1,1,0,0,1,1,0,0,0,0,0,1,1,1,1,0,1,1,1,0,0,0,1
"Th2R",107,1,1,0,0,1,1,0,0,0,0,0,1,1,1,1,0,1,1,1,1,0,0,1
"Th2R",108,1,1,0,0,1,1,0,0,0,0,0,1,1,1,1,0,1,1,1,0,0,1,1
"Th2R",109,1,1,0,0,1,1,0,0,0,0,0,1,1,1,1,0,1,1,1,1,0,1,1
"Th2R",110,1,1,0,0,1,0,0,0,0,0,0,1,1,1,1,0,0,1,1,1,0,0,1
"Th2R",111,1,1,0,0,1,0,0,0,0,0,0,1,1,1,1,0,0,1,1,1,0,1,1
"Th2R",112,1,1,0,0,1,0,0,0,0,0,0,1,1,1,1,0,0,1,0,1,0,0,1
"Th2R",113,1,1,0,0,1,0,0,0,0,0,0,1,1,1,1,0,0,1,0,1,0,1,1
"Th2R",114,1,1,0,0,1,0,0,0,0,0,0,1,1,1,1,0,0,0,0,1,0,0,1
"Th2R",115,1,1,0,0,1,0,0,0,0,0,0,1,1,1,1,0,0,0,0,1,0,1,1
"Th2R",116,1,1,0,0,1,0,0,0,0,0,0,1,1,1,1,0,0,0,1,1,0,0,1
"Th2R",117,1,1,0,0,1,0,0,0,0,0,0,1,1,1,1,0,0,0,1,1,0,1,1
"Th2R",118,1,1,0,0,1,0,0,0,0,0,0,1,1,1,1,1,0,0,1,1,0,0,1
"Th2R",119,1,1,0,0,1,0,0,0,0,0,0,1,1,1,1,1,0,0,1,1,0,1,1
"Th2R",120,1,1,0,0,1,0,0,0,0,0,0,1,1,1,1,1,0,0,0,1,0,0,1
"Th2R",121,1,1,0,0,1,0,0,0,0,0,0,1,1,1,1,1,0,0,0,1,0,1,1
"Th2R",122,1,1,0,0,1,0,0,0,0,0,0,1,1,1,1,1,0,1,0,1,0,0,1
"Th2R",123,1,1,0,0,1,0,0,0,0,0,0,1,1,1,1,1,0,1,0,1,0,1,1
"Th2R",124,1,1,0,0,1,0,0,0,0,0,0,1,1,1,1,1,0,1,1,1,0,0,1
"Th2R",125,1,1,0,0,1,0,0,0,0,0,0,1,1,1,1,1,0,1,1,1,0,1,1
"Th2R",126,1,1,0,0,1,0,0,0,0,0,0,1,1,1,1,1,1,1,1,1,0,0,1
"Th2R",127,1,1,0,0,1,0,0,0,0,0,0,1,1,1,1,1,1,1,1,1,0,1,1
"Th2R",128,1,1,0,0,1,0,0,0,0,0,0,1,1,1,1,1,1,1,0,1,0,0,1
"Th2R",129,1,1,0,0,1,0,0,0,0,0,0,1,1,1,1,1,1,1,0,1,0,1,1
"Th2R",130,1,1,0,0,1,0,0,0,0,0,0,1,1,1,1,1,1,0,0,1,0,0,1
"Th2R",131,1,1,0,0,1,0,0,0,0,0,0,1,1,1,1,1,1,0,0,1,0,1,1
"Th2R",132,1,1,0,0,1,0,0,0,0,0,0,1,1,1,1,1,1,0,1,1,0,0,1
"Th2R",133,1,1,0,0,1,0,0,0,0,0,0,1,1,1,1,1,1,0,1,1,0,1,1
"Th2R",134,1,1,0,0,1,0,0,0,0,0,0,1,1,1,1,0,1,0,1,1,0,0,1
"Th2R",135,1,1,0,0,1,0,0,0,0,0,0,1,1,1,1,0,1,0,1,1,0,1,1
"Th2R",136,1,1,0,0,1,0,0,0,0,0,0,1,1,1,1,0,1,1,1,1,0,0,1
"Th2R",137,1,1,0,0,1,0,0,0,0,0,0,1,1,1,1,0,1,1,1,1,0,1,1
"Th2R",138,1,1,0,0,1,0,0,0,0,0,0,1,1,1,1,0,1,1,0,1,0,0,1
"Th2R",139,1,1,0,0,1,0,0,0,0,0,0,1,1,1,1,0,1,1,0,1,0,1,1
"Th2R",140,1,1,0,0,1,0,0,0,0,0,0,1,1,1,1,0,1,0,0,1,0,0,1
"Th2R",141,1,1,0,0,1,0,0,0,0,0,0,1,1,1,1,0,1,0,0,1,0,1,1
"Th1R",142,1,1,1,0,0,1,0,0,0,0,0,1,1,1,1,0,1,0,0,0,0,1,1
"Th1R",143,1,1,1,0,0,1,0,0,0,0,0,1,1,1,1,0,1,0,0,1,0,1,1
"Th1R",144,1,1,1,0,0,1,0,0,0,0,0,1,1,1,1,0,1,1,0,0,0,1,1
"Th1R",145,1,1,1,0,0,1,0,0,0,0,0,1,1,1,1,0,1,1,0,1,0,1,1
"Th1R",146,1,1,1,0,0,1,0,0,0,0,0,1,1,1,1,0,1,1,1,0,0,1,1
"Th1R",147,1,1,1,0,0,1,0,0,0,0,0,1,1,1,1,0,1,1,1,1,0,1,1
"Th1R",148,1,1,1,0,0,1,0,0,0,0,0,1,1,1,1,0,1,0,1,0,0,1,1
"Th1R",149,1,1,1,0,0,1,0,0,0,0,0,1,1,1,1,0,1,0,1,1,0,1,1
"Th1R",150,1,1,1,0,0,1,0,0,0,0,0,1,1,1,1,1,1,0,1,0,0,1,1
"Th1R",151,1,1,1,0,0,1,0,0,0,0,0,1,1,1,1,1,1,0,1,1,0,1,1
"Th1R",152,1,1,1,0,0,1,0,0,0,0,0,1,1,1,1,1,1,1,1,0,0,1,1
"Th1R",153,1,1,1,0,0,1,0,0,0,0,0,1,1,1,1,1,1,1,1,1,0,1,1
"Th1R",154,1,1,1,0,0,1,0,0,0,0,0,1,1,1,1,1,1,1,0,0,0,1,1
"Th1R",155,1,1,1,0,0,1,0,0,0,0,0,1,1,1,1,1,1,1,0,1,0,1,1
"Th1R",156,1,1,1,0,0,1,0,0,0,0,0,1,1,1,1,1,1,0,0,0,0,1,1
"Th1R",157,1,1,1,0,0,1,0,0,0,0,0,1,1,1,1,1,1,0,0,1,0,1,1
"Th1R",158,1,1,1,0,0,1,0,0,0,0,0,1,1,1,1,1,0,0,0,0,0,1,1
"Th1R",159,1,1,1,0,0,1,0,0,0,0,0,1,1,1,1,1,0,0,0,1,0,1,1
"Th1R",160,1,1,1,0,0,1,0,0,0,0,0,1,1,1,1,1,0,1,0,0,0,1,1
"Th1R",161,1,1,1,0,0,1,0,0,0,0,0,1,1,1,1,1,0,1,0,1,0,1,1
"Th1R",162,1,1,1,0,0,1,0,0,0,0,0,1,1,1,1,0,0,1,0,0,0,1,1
"Th1R",163,1,1,1,0,0,1,0,0,0,0,0,1,1,1,1,0,0,1,0,1,0,1,1
"Th1R",164,1,1,1,0,0,1,0,0,0,0,0,1,1,1,1,0,0,0,0,0,0,1,1
"Th1R",165,1,1,1,0,0,1,0,0,0,0,0,1,1,1,1,0,0,0,0,1,0,1,1
"Th1R",166,1,1,1,0,0,0,0,0,0,0,0,1,1,1,1,0,0,1,0,1,0,1,1
"Th1R",167,1,1,1,0,0,0,0,0,0,0,0,1,1,1,1,0,0,0,0,1,0,1,1
"Th1R",168,1,1,1,0,0,0,0,0,0,0,0,1,1,1,1,0,0,1,1,1,0,1,1
"Th1R",169,1,1,1,0,0,0,0,0,0,0,0,1,1,1,1,0,0,0,1,1,0,1,1
"Th1R",170,1,1,1,0,0,0,0,0,0,0,0,1,1,1,1,1,0,1,1,1,0,1,1
"Th1R",171,1,1,1,0,0,0,0,0,0,0,0,1,1,1,1,1,0,0,1,1,0,1,1
"Th1R",172,1,1,1,0,0,0,0,0,0,0,0,1,1,1,1,1,0,1,0,1,0,1,1
"Th1R",173,1,1,1,0,0,0,0,0,0,0,0,1,1,1,1,1,0,0,0,1,0,1,1
"Th1R",174,1,1,1,0,0,0,0,0,0,0,0,1,1,1,1,1,1,1,0,1,0,1,1
"Th1R",175,1,1,1,0,0,0,0,0,0,0,0,1,1,1,1,1,1,0,0,1,0,1,1
"Th1R",176,1,1,1,0,0,0,0,0,0,0,0,1,1,1,1,1,1,1,1,1,0,1,1
"Th1R",177,1,1,1,0,0,0,0,0,0,0,0,1,1,1,1,1,1,0,1,1,0,1,1
"Th1R",178,1,1,1,0,0,0,0,0,0,0,0,1,1,1,1,0,1,1,1,1,0,1,1
"Th1R",179,1,1,1,0,0,0,0,0,0,0,0,1,1,1,1,0,1,0,1,1,0,1,1
"Th1R",180,1,1,1,0,0,0,0,0,0,0,0,1,1,1,1,0,1,1,0,1,0,1,1
"Th1R",181,1,1,1,0,0,0,0,0,0,0,0,1,1,1,1,0,1,0,0,1,0,1,1
"Th1R",182,1,1,1,0,0,0,0,0,0,0,0,1,0,1,1,0,1,1,0,0,0,1,1
"Th1R",183,1,1,1,0,0,0,0,0,0,0,0,1,0,1,1,0,1,0,0,0,0,1,1
"Th1R",184,1,1,1,0,0,0,0,0,0,0,0,1,0,1,1,0,1,1,1,0,0,1,1
"Th1R",185,1,1,1,0,0,0,0,0,0,0,0,1,0,1,1,0,1,0,1,0,0,1,1
"Th1R",186,1,1,1,0,0,0,0,0,0,0,0,1,0,1,1,1,1,1,1,0,0,1,1
"Th1R",187,1,1,1,0,0,0,0,0,0,0,0,1,0,1,1,1,1,0,1,0,0,1,1
"Th1R",188,1,1,1,0,0,0,0,0,0,0,0,1,0,1,1,1,1,1,0,0,0,1,1
"Th1R",189,1,1,1,0,0,0,0,0,0,0,0,1,0,1,1,1,1,0,0,0,0,1,1
"Th1R",190,1,1,1,0,0,0,0,0,0,0,0,1,0,1,1,1,0,1,0,0,0,1,1
"Th1R",191,1,1,1,0,0,0,0,0,0,0,0,1,0,1,1,1,0,0,0,0,0,1,1
"Th1R",192,1,1,1,0,0,0,0,0,0,0,0,1,0,1,1,0,0,1,0,0,0,1,1
"Th1R",193,1,1,1,0,0,0,0,0,0,0,0,1,0,1,1,0,0,0,0,0,0,1,1
"Th1R",194,1,1,1,1,0,0,0,0,0,0,0,1,1,1,1,0,0,0,1,1,0,0,1
"Th1R",195,1,1,1,1,0,0,0,0,0,0,0,1,1,1,1,0,0,0,1,0,0,0,1
"Th1R",196,1,1,1,1,0,0,0,0,0,0,0,1,1,1,1,0,0,0,1,1,0,1,1
"Th1R",197,1,1,1,1,0,0,0,0,0,0,0,1,1,1,1,0,0,0,1,0,0,1,1
"Th1R",198,1,1,1,1,0,0,0,0,0,0,0,1,1,1,1,0,0,1,1,1,0,1,1
"Th1R",199,1,1,1,1,0,0,0,0,0,0,0,1,1,1,1,0,0,1,1,0,0,1,1
"Th1R",200,1,1,1,1,0,0,0,0,0,0,0,1,1,1,1,0,0,1,1,1,0,0,1
"Th1R",201,1,1,1,1,0,0,0,0,0,0,0,1,1,1,1,0,0,1,1,0,0,0,1
"Th1R",202,1,1,1,1,0,0,0,0,0,0,0,1,1,1,1,0,0,1,0,1,0,0,1
"Th1R",203,1,1,1,1,0,0,0,0,0,0,0,1,1,1,1,0,0,1,0,0,0,0,1
"Th1R",204,1,1,1,1,0,0,0,0,0,0,0,1,1,1,1,0,0,1,0,1,0,1,1
"Th1R",205,1,1,1,1,0,0,0,0,0,0,0,1,1,1,1,0,0,1,0,0,0,1,1
"Th1R",206,1,1,1,1,0,0,0,0,0,0,0,1,1,1,1,0,0,0,0,1,0,1,1
"Th1R",207,1,1,1,1,0,0,0,0,0,0,0,1,1,1,1,0,0,0,0,0,0,1,1
"Th1R",208,1,1,1,1,0,0,0,0,0,0,0,1,1,1,1,0,0,0,0,1,0,0,1
"Th1R",209,1,1,1,1,0,0,0,0,0,0,0,1,1,1,1,0,0,0,0,0,0,0,1
"Th1R",210,1,1,1,1,0,0,0,0,0,0,0,1,1,1,1,1,0,0,0,0,0,0,1
"Th1R",211,1,1,1,1,0,0,0,0,0,0,0,1,1,1,1,1,0,0,0,0,0,1,1
"Th1R",212,1,1,1,1,0,0,0,0,0,0,0,1,1,1,1,1,0,0,0,1,0,1,1
"Th1R",213,1,1,1,1,0,0,0,0,0,0,0,1,1,1,1,1,0,1,0,0,0,1,1
"Th1R",214,1,1,1,1,0,0,0,0,0,0,0,1,1,1,1,1,0,1,0,1,0,1,1
"Th1R",215,1,1,1,1,0,0,0,0,0,0,0,1,1,1,1,1,0,1,0,0,0,0,1
"Th1R",216,1,1,1,1,0,0,0,0,0,0,0,1,1,1,1,1,0,1,1,0,0,0,1
"Th1R",217,1,1,1,1,0,0,0,0,0,0,0,1,1,1,1,1,0,1,1,1,0,0,1
"Th1R",218,1,1,1,1,0,0,0,0,0,0,0,1,1,1,1,1,0,1,1,0,0,1,1
"Th1R",219,1,1,1,1,0,0,0,0,0,0,0,1,1,1,1,1,0,1,1,1,0,1,1
"Th1R",220,1,1,1,1,0,0,0,0,0,0,0,1,1,1,1,1,0,0,1,0,0,1,1
"Th1R",221,1,1,1,1,0,0,0,0,0,0,0,1,1,1,1,1,0,0,1,1,0,1,1
"Th1R",222,1,1,1,1,0,0,0,0,0,0,0,1,1,1,1,1,0,0,1,0,0,0,1
"Th1R",223,1,1,1,1,0,0,0,0,0,0,0,1,1,1,1,1,0,0,1,1,0,0,1
"Th1R",224,1,1,1,1,0,0,0,0,0,0,0,1,1,1,1,0,1,0,0,1,0,0,1
"Th1R",225,1,1,1,1,0,0,0,0,0,0,0,1,1,1,1,0,1,0,0,0,0,0,1
"Th1R",226,1,1,1,1,0,0,0,0,0,0,0,1,1,1,1,0,1,0,0,1,0,1,1
"Th1R",227,1,1,1,1,0,0,0,0,0,0,0,1,1,1,1,0,1,0,0,0,0,1,1
"Th1R",228,1,1,1,1,0,0,0,0,0,0,0,1,1,1,1,0,1,1,0,1,0,1,1
"Th1R",229,1,1,1,1,0,0,0,0,0,0,0,1,1,1,1,0,1,1,0,0,0,1,1
"Th1R",230,1,1,1,1,0,0,0,0,0,0,0,1,1,1,1,0,1,1,0,1,0,0,1
"Th1R",231,1,1,1,1,0,0,0,0,0,0,0,1,1,1,1,0,1,1,0,0,0,0,1
"Th1R",232,1,1,1,1,0,0,0,0,0,0,0,1,1,1,1,0,1,1,1,1,0,0,1
"Th1R",233,1,1,1,1,0,0,0,0,0,0,0,1,1,1,1,0,1,1,1,0,0,0,1
"Th1R",234,1,1,1,1,0,0,0,0,0,0,0,1,1,1,1,0,1,1,1,1,0,1,1
"Th1R",235,1,1,1,1,0,0,0,0,0,0,0,1,1,1,1,0,1,1,1,0,0,1,1
"Th1R",236,1,1,1,1,0,0,0,0,0,0,0,1,1,1,1,0,1,0,1,1,0,1,1
"Th1R",237,1,1,1,1,0,0,0,0,0,0,0,1,1,1,1,0,1,0,1,0,0,1,1
"Th1R",238,1,1,1,1,0,0,0,0,0,0,0,1,1,1,1,0,1,0,1,1,0,0,1
"Th1R",239,1,1,1,1,0,0,0,0,0,0,0,1,1,1,1,0,1,0,1,0,0,0,1
"Th1R",240,1,1,1,1,0,1,0,0,0,0,0,1,1,1,1,0,1,0,1,1,0,0,1
"Th1R",241,1,1,1,1,0,1,0,0,0,0,0,1,1,1,1,0,1,0,1,0,0,0,1
"Th1R",242,1,1,1,1,0,1,0,0,0,0,0,1,1,1,1,0,1,0,1,1,0,1,1
"Th1R",243,1,1,1,1,0,1,0,0,0,0,0,1,1,1,1,0,1,0,1,0,0,1,1
"Th1R",244,1,1,1,1,0,1,0,0,0,0,0,1,1,1,1,0,1,1,1,1,0,1,1
"Th1R",245,1,1,1,1,0,1,0,0,0,0,0,1,1,1,1,0,1,1,1,0,0,1,1
"Th1R",246,1,1,1,1,0,1,0,0,0,0,0,1,1,1,1,0,1,1,1,1,0,0,1
"Th1R",247,1,1,1,1,0,1,0,0,0,0,0,1,1,1,1,0,1,1,1,0,0,0,1
"Th1R",248,1,1,1,1,0,1,0,0,0,0,0,1,1,1,1,1,1,1,1,1,0,0,1
"Th1R",249,1,1,1,1,0,1,0,0,0,0,0,1,1,1,1,1,1,1,1,0,0,0,1
"Th1R",250,1,1,1,1,0,1,0,0,0,0,0,1,1,1,1,1,1,1,1,1,0,1,1
"Th1R",251,1,1,1,1,0,1,0,0,0,0,0,1,1,1,1,1,1,1,1,0,0,1,1
"Th1R",252,1,1,1,1,0,1,0,0,0,0,0,1,1,1,1,1,1,0,1,1,0,1,1
"Th1R",253,1,1,1,1,0,1,0,0,0,0,0,1,1,1,1,1,1,0,1,0,0,1,1
"Th1R",254,1,1,1,1,0,1,0,0,0,0,0,1,1,1,1,1,1,0,1,1,0,0,1
"Th1R",255,1,1,1,1,0,1,0,0,0,0,0,1,1,1,1,1,1,0,1,0,0,0,1
"Th1R",256,1,1,1,1,0,1,0,0,0,0,0,1,1,1,1,1,1,0,0,0,0,1,1
"Th1R",257,1,1,1,1,0,1,0,0,0,0,0,1,1,1,1,1,1,0,0,0,0,0,1
"Th1R",258,1,1,1,1,0,1,0,0,0,0,0,1,1,1,1,1,1,1,0,0,0,1,1
"Th1R",259,1,1,1,1,0,1,0,0,0,0,0,1,1,1,1,1,1,1,0,0,0,0,1
"Th1R",260,1,1,1,1,0,1,0,0,0,0,0,1,1,1,1,0,1,1,0,1,0,0,1
"Th1R",261,1,1,1,1,0,1,0,0,0,0,0,1,1,1,1,0,1,1,0,0,0,0,1
"Th1R",262,1,1,1,1,0,1,0,0,0,0,0,1,1,1,1,0,1,1,0,1,0,1,1
"Th1R",263,1,1,1,1,0,1,0,0,0,0,0,1,1,1,1,0,1,1,0,0,0,1,1
"Th1R",264,1,1,1,1,0,1,0,0,0,0,0,1,1,1,1,0,1,0,0,1,0,1,1
"Th1R",265,1,1,1,1,0,1,0,0,0,0,0,1,1,1,1,0,1,0,0,0,0,1,1
"Th1R",266,1,1,1,1,0,1,0,0,0,0,0,1,1,1,1,0,1,0,0,1,0,0,1
"Th1R",267,1,1,1,1,0,1,0,0,0,0,0,1,1,1,1,0,1,0,0,0,0,0,1
"Th1R",268,1,1,1,0,0,0,0,0,0,0,1,1,0,1,1,0,0,0,0,0,0,0,1
"Th1R",269,1,1,1,0,0,0,0,0,0,0,1,1,0,1,1,0,0,0,0,0,1,0,1
"Th1R",270,1,1,1,0,0,0,0,0,0,0,1,1,0,1,1,0,0,0,0,0,0,1,1
"Th1R",271,1,1,1,0,0,0,0,0,0,0,1,1,0,1,1,0,0,0,0,0,1,1,1
"Th1R",272,1,1,1,0,0,0,0,0,0,0,1,1,0,1,1,0,0,1,0,0,0,1,1
"Th1R",273,1,1,1,0,0,0,0,0,0,0,1,1,0,1,1,0,0,1,0,0,1,1,1
"Th1R",274,1,1,1,0,0,0,0,0,0,0,1,1,0,1,1,0,0,1,0,0,0,0,1
"Th1R",275,1,1,1,0,0,0,0,0,0,0,1,1,0,1,1,0,0,1,0,0,1,0,1
"Th1R",276,1,1,1,0,0,0,0,0,0,0,1,1,0,1,1,1,0,1,0,0,0,0,1
"Th1R",277,1,1,1,0,0,0,0,0,0,0,1,1,0,1,1,1,0,1,0,0,1,0,1
"Th1R",278,1,1,1,0,0,0,0,0,0,0,1,1,0,1,1,1,0,1,0,0,0,1,1
"Th1R",279,1,1,1,0,0,0,0,0,0,0,1,1,0,1,1,1,0,1,0,0,1,1,1
"Th1R",280,1,1,1,0,0,0,0,0,0,0,1,1,0,1,1,1,0,0,0,0,0,1,1
"Th1R",281,1,1,1,0,0,0,0,0,0,0,1,1,0,1,1,1,0,0,0,0,1,1,1
"Th1R",282,1,1,1,0,0,0,0,0,0,0,1,1,0,1,1,1,0,0,0,0,0,0,1
"Th1R",283,1,1,1,0,0,0,0,0,0,0,1,1,0,1,1,1,0,0,0,0,1,0,1
"Th1R",284,1,1,1,0,0,0,0,0,0,0,1,1,0,1,1,1,1,0,1,0,0,0,1
"Th1R",285,1,1,1,0,0,0,0,0,0,0,1,1,0,1,1,1,1,0,1,0,1,0,1
"Th1R",286,1,1,1,0,0,0,0,0,0,0,1,1,0,1,1,1,1,0,1,0,0,1,1
"Th1R",287,1,1,1,0,0,0,0,0,0,0,1,1,0,1,1,1,1,0,1,0,1,1,1
"Th1R",288,1,1,1,0,0,0,0,0,0,0,1,1,0,1,1,1,1,1,1,0,0,1,1
"Th1R",289,1,1,1,0,0,0,0,0,0,0,1,1,0,1,1,1,1,1,1,0,1,1,1
"Th1R",290,1,1,1,0,0,0,0,0,0,0,1,1,0,1,1,1,1,1,1,0,0,0,1
"Th1R",291,1,1,1,0,0,0,0,0,0,0,1,1,0,1,1,1,1,1,1,0,1,0,1
"Th1R",292,1,1,1,0,0,0,0,0,0,0,1,1,0,1,1,0,1,1,1,0,0,0,1
"Th1R",293,1,1,1,0,0,0,0,0,0,0,1,1,0,1,1,0,1,1,1,0,1,0,1
"Th1R",294,1,1,1,0,0,0,0,0,0,0,1,1,0,1,1,0,1,1,1,0,0,1,1
"Th1R",295,1,1,1,0,0,0,0,0,0,0,1,1,0,1,1,0,1,1,1,0,1,1,1
"Th1R",296,1,1,1,0,0,0,0,0,0,0,1,1,0,1,1,0,1,0,1,0,0,1,1
"Th1R",297,1,1,1,0,0,0,0,0,0,0,1,1,0,1,1,0,1,0,1,0,1,1,1
"Th1R",298,1,1,1,0,0,0,0,0,0,0,1,1,0,1,1,0,1,0,1,0,0,0,1
"Th1R",299,1,1,1,0,0,0,0,0,0,0,1,1,0,1,1,0,1,0,1,0,1,0,1
"Th1R",300,1,1,1,0,0,0,0,0,0,0,1,1,0,1,1,0,1,0,0,0,0,0,1
"Th1R",301,1,1,1,0,0,0,0,0,0,0,1,1,0,1,1,0,1,0,0,0,1,0,1
"Th1R",302,1,1,1,0,0,0,0,0,0,0,1,1,0,1,1,0,1,0,0,0,0,1,1
"Th1R",303,1,1,1,0,0,0,0,0,0,0,1,1,0,1,1,0,1,0,0,0,1,1,1
"Th1R",304,1,1,1,0,0,0,0,0,0,0,1,1,0,1,1,0,1,1,0,0,0,1,1
"Th1R",305,1,1,1,0,0,0,0,0,0,0,1,1,0,1,1,0,1,1,0,0,1,1,1
"Th1R",306,1,1,1,0,0,0,0,0,0,0,1,1,0,1,1,0,1,1,0,0,0,0,1
"Th1R",307,1,1,1,0,0,0,0,0,0,0,1,1,0,1,1,0,1,1,0,0,1,0,1
"Th1R",308,1,1,1,0,0,0,0,0,0,0,1,1,0,1,1,1,1,1,0,0,0,0,1
"Th1R",309,1,1,1,0,0,0,0,0,0,0,1,1,0,1,1,1,1,1,0,0,1,0,1
"Th1R",310,1,1,1,0,0,0,0,0,0,0,1,1,0,1,1,1,1,1,0,0,0,1,1
"Th1R",311,1,1,1,0,0,0,0,0,0,0,1,1,0,1,1,1,1,1,0,0,1,1,1
"Th1R",312,1,1,1,0,0,0,0,0,0,0,1,1,0,1,1,1,1,0,0,0,0,1,1
"Th1R",313,1,1,1,0,0,0,0,0,0,0,1,1,0,1,1,1,1,0,0,0,1,1,1
"Th1R",314,1,1,1,0,0,0,0,0,0,0,1,1,0,1,1,1,1,0,0,0,0,0,1
"Th1R",315,1,1,1,0,0,0,0,0,0,0,1,1,0,1,1,1,1,0,0,0,1,0,1
"Th1R",316,1,1,1,0,0,0,0,0,0,0,1,0,0,0,0,0,0,0,0,0,0,0,1
"Th1R",317,1,1,1,0,0,0,0,0,0,0,1,0,0,0,0,0,0,0,0,0,1,0,1
"Th1R",318,1,1,1,0,0,0,0,0,0,0,1,0,0,0,0,0,1,0,0,0,0,0,1
"Th1R",319,1,1,1,0,0,0,0,0,0,0,1,0,0,0,0,0,1,0,0,0,1,0,1
"Th1R",320,1,1,1,0,0,0,0,0,0,0,1,0,0,0,0,0,1,0,1,0,0,0,1
"Th1R",321,1,1,1,0,0,0,0,0,0,0,1,0,0,0,0,0,1,0,1,0,1,0,1
"Tex",322,1,1,0,0,0,0,0,0,1,0,0,0,1,0,0,1,1,1,1,1,0,0,1
"Tex",323,1,1,0,0,0,0,0,0,1,0,0,0,1,0,0,1,1,1,1,0,0,0,1
"Tex",324,1,1,0,0,0,0,0,0,1,0,0,0,1,0,0,1,1,0,1,1,0,0,1
"Tex",325,1,1,0,0,0,0,0,0,1,0,0,0,1,0,0,1,1,0,1,0,0,0,1
"Tex",326,1,1,0,0,0,0,0,0,1,0,0,0,1,0,0,1,0,0,1,1,0,0,1
"Tex",327,1,1,0,0,0,0,0,0,1,0,0,0,1,0,0,1,0,0,1,0,0,0,1
"Tex",328,1,1,0,0,0,0,0,0,1,0,0,0,1,0,0,1,0,1,1,1,0,0,1
"Tex",329,1,1,0,0,0,0,0,0,1,0,0,0,1,0,0,1,0,1,1,0,0,0,1
"Tex",330,1,1,0,0,0,0,0,0,1,0,0,0,1,0,0,0,0,1,1,1,0,0,1
"Tex",331,1,1,0,0,0,0,0,0,1,0,0,0,1,0,0,0,0,1,1,0,0,0,1
"Tex",332,1,1,0,0,0,0,0,0,1,0,0,0,1,0,0,0,0,0,1,1,0,0,1
"Tex",333,1,1,0,0,0,0,0,0,1,0,0,0,1,0,0,0,0,0,1,0,0,0,1
"Tex",334,1,1,0,0,0,0,0,0,1,0,0,0,1,0,0,0,1,0,1,1,0,0,1
"Tex",335,1,1,0,0,0,0,0,0,1,0,0,0,1,0,0,0,1,0,1,0,0,0,1
"Tex",336,1,1,0,0,0,0,0,0,1,0,0,0,1,0,0,0,1,1,1,1,0,0,1
"Tex",337,1,1,0,0,0,0,0,0,1,0,0,0,1,0,0,0,1,1,1,0,0,0,1
"Tex",338,1,1,0,0,0,0,0,0,1,0,0,0,1,0,0,0,1,1,0,1,0,0,1
"Tex",339,1,1,0,0,0,0,0,0,1,0,0,0,1,0,0,0,1,1,0,0,0,0,1
"Tex",340,1,1,0,0,0,0,0,0,1,0,0,0,1,0,0,0,1,0,0,1,0,0,1
"Tex",341,1,1,0,0,0,0,0,0,1,0,0,0,1,0,0,0,1,0,0,0,0,0,1
"Tex",342,1,1,0,0,0,0,0,0,1,0,0,0,1,0,0,1,1,0,0,1,0,0,1
"Tex",343,1,1,0,0,0,0,0,0,1,0,0,0,1,0,0,1,1,0,0,0,0,0,1
"Tex",344,1,1,0,0,0,0,0,0,1,0,0,0,1,0,0,1,1,1,0,1,0,0,1
"Tex",345,1,1,0,0,0,0,0,0,1,0,0,0,1,0,0,1,1,1,0,0,0,0,1
"Tex",346,1,1,0,0,0,0,0,0,1,0,0,0,1,0,0,1,0,1,0,1,0,0,1
"Tex",347,1,1,0,0,0,0,0,0,1,0,0,0,1,0,0,1,0,1,0,0,0,0,1
"Tex",348,1,1,0,0,0,0,0,0,1,0,0,0,1,0,0,1,0,0,0,1,0,0,1
"Tex",349,1,1,0,0,0,0,0,0,1,0,0,0,1,0,0,1,0,0,0,0,0,0,1
"Tex",350,1,1,0,0,0,0,0,0,1,0,0,0,1,0,0,0,0,0,0,1,0,0,1
"Tex",351,1,1,0,0,0,0,0,0,1,0,0,0,1,0,0,0,0,0,0,0,0,0,1
"Tex",352,1,1,0,0,0,0,0,0,1,0,0,0,1,0,0,0,0,1,0,1,0,0,1
"Tex",353,1,1,0,0,0,0,0,0,1,0,0,0,1,0,0,0,0,1,0,0,0,0,1
"Th1R",354,1,1,1,1,0,1,0,0,0,1,1,0,1,1,1,1,0,1,0,1,0,0,1
"Th1R",355,1,1,1,1,0,1,0,0,0,1,1,0,1,1,1,1,0,1,0,1,1,0,1
"Th1R",356,1,1,1,1,0,1,0,0,0,1,1,0,1,1,1,1,0,1,0,0,0,0,1
"Th1R",357,1,1,1,1,0,1,0,0,0,1,1,0,1,1,1,1,0,1,0,0,1,0,1
"Th1R",358,1,1,1,1,0,1,0,0,0,1,1,1,1,1,1,1,0,1,0,0,0,0,1
"Th1R",359,1,1,1,1,0,1,0,0,0,1,1,1,1,1,1,1,0,1,0,0,1,0,1
"Th1R",360,1,1,1,1,0,1,0,0,0,1,1,1,1,1,1,1,0,1,0,0,0,1,1
"Th1R",361,1,1,1,1,0,1,0,0,0,1,1,1,1,1,1,1,0,1,0,0,1,1,1
"Th1R",362,1,1,1,1,0,1,0,0,0,1,1,1,1,1,1,1,1,1,0,0,0,1,1
"Th1R",363,1,1,1,1,0,1,0,0,0,1,1,1,1,1,1,1,1,1,0,0,1,1,1
"Th1R",364,1,1,1,1,0,1,0,0,0,1,1,1,1,1,1,1,1,1,0,0,0,0,1
"Th1R",365,1,1,1,1,0,1,0,0,0,1,1,1,1,1,1,1,1,1,0,0,1,0,1
"Th1R",366,1,1,1,1,0,1,0,0,0,1,1,0,1,1,1,1,1,1,0,0,0,0,1
"Th1R",367,1,1,1,1,0,1,0,0,0,1,1,0,1,1,1,1,1,1,0,0,1,0,1
"Th1R",368,1,1,1,1,0,1,0,0,0,1,1,0,1,1,1,1,1,1,0,1,0,0,1
"Th1R",369,1,1,1,1,0,1,0,0,0,1,1,0,1,1,1,1,1,1,0,1,1,0,1
"Th1R",370,1,1,1,1,0,1,0,0,0,1,1,0,1,1,1,1,1,1,1,1,0,0,1
"Th1R",371,1,1,1,1,0,1,0,0,0,1,1,0,1,1,1,1,1,1,1,1,1,0,1
"Th1R",372,1,1,1,1,0,1,0,0,0,1,1,0,1,1,1,1,1,1,1,0,0,0,1
"Th1R",373,1,1,1,1,0,1,0,0,0,1,1,0,1,1,1,1,1,1,1,0,1,0,1
"Th1R",374,1,1,1,1,0,1,0,0,0,1,1,1,1,1,1,1,1,1,1,0,0,1,1
"Th1R",375,1,1,1,1,0,1,0,0,0,1,1,1,1,1,1,1,1,1,1,0,1,1,1
"Th1R",376,1,1,1,1,0,1,0,0,0,1,1,1,1,1,1,1,1,1,1,0,0,0,1
"Th1R",377,1,1,1,1,0,1,0,0,0,1,1,1,1,1,1,1,1,1,1,0,1,0,1
"Th1R",378,1,1,1,0,0,1,0,0,0,1,1,1,1,1,1,0,1,1,1,1,0,0,1
"Th1R",379,1,1,1,0,0,1,0,0,0,1,1,1,1,1,1,0,1,1,1,1,1,0,1
"Th1R",380,1,1,1,0,0,1,0,0,0,1,1,1,1,1,1,0,1,1,1,0,0,0,1
"Th1R",381,1,1,1,0,0,1,0,0,0,1,1,1,1,1,1,0,1,1,1,0,1,0,1
"Th1R",382,1,1,1,0,0,1,0,0,0,1,1,1,1,1,1,0,1,1,1,0,0,1,1
"Th1R",383,1,1,1,0,0,1,0,0,0,1,1,1,1,1,1,0,1,1,1,0,1,1,1
"Th1R",384,1,1,1,0,0,1,0,0,0,1,1,1,1,1,1,0,1,1,1,1,0,1,1
"Th1R",385,1,1,1,0,0,1,0,0,0,1,1,1,1,1,1,0,1,1,1,1,1,1,1
"Th1R",386,1,1,1,0,0,1,0,0,0,1,1,1,1,1,1,1,1,1,1,1,0,1,1
"Th1R",387,1,1,1,0,0,1,0,0,0,1,1,1,1,1,1,1,1,1,1,1,1,1,1
"Th1R",388,1,1,1,0,0,1,0,0,0,1,1,1,1,1,1,1,1,1,1,0,0,1,1
"Th1R",389,1,1,1,0,0,1,0,0,0,1,1,1,1,1,1,1,1,1,1,0,1,1,1
"Th1R",390,1,1,1,0,0,1,0,0,0,1,1,1,1,1,1,1,1,1,1,0,0,0,1
"Th1R",391,1,1,1,0,0,1,0,0,0,1,1,1,1,1,1,1,1,1,1,0,1,0,1
"Th1R",392,1,1,1,0,0,1,0,0,0,1,1,1,1,1,1,1,1,1,1,1,0,0,1
"Th1R",393,1,1,1,0,0,1,0,0,0,1,1,1,1,1,1,1,1,1,1,1,1,0,1
"Th1R",394,1,1,1,0,0,1,0,0,0,1,1,1,1,1,1,1,0,1,0,1,0,0,1
"Th1R",395,1,1,1,0,0,1,0,0,0,1,1,1,1,1,1,1,0,1,0,1,1,0,1
"Th1R",396,1,1,1,0,0,1,0,0,0,1,1,1,1,1,1,1,0,1,0,0,0,0,1
"Th1R",397,1,1,1,0,0,1,0,0,0,1,1,1,1,1,1,1,0,1,0,0,1,0,1
"Th1R",398,1,1,1,0,0,1,0,0,0,1,1,1,1,1,1,1,0,1,0,0,0,1,1
"Th1R",399,1,1,1,0,0,1,0,0,0,1,1,1,1,1,1,1,0,1,0,0,1,1,1
"Th1R",400,1,1,1,0,0,1,0,0,0,1,1,1,1,1,1,1,0,1,0,1,0,1,1
"Th1R",401,1,1,1,0,0,1,0,0,0,1,1,1,1,1,1,1,0,1,0,1,1,1,1
"Th1R",402,1,1,1,0,0,1,0,0,0,1,1,1,1,1,1,1,1,1,0,1,0,1,1
"Th1R",403,1,1,1,0,0,1,0,0,0,1,1,1,1,1,1,1,1,1,0,1,1,1,1
"Th1R",404,1,1,1,0,0,1,0,0,0,1,1,1,1,1,1,1,1,1,0,0,0,1,1
"Th1R",405,1,1,1,0,0,1,0,0,0,1,1,1,1,1,1,1,1,1,0,0,1,1,1
"Th1R",406,1,1,1,0,0,1,0,0,0,1,1,1,1,1,1,1,1,1,0,0,0,0,1
"Th1R",407,1,1,1,0,0,1,0,0,0,1,1,1,1,1,1,1,1,1,0,0,1,0,1
"Th1R",408,1,1,1,0,0,1,0,0,0,1,1,1,1,1,1,1,1,1,0,1,0,0,1
"Th1R",409,1,1,1,0,0,1,0,0,0,1,1,1,1,1,1,1,1,1,0,1,1,0,1
"Th1R",410,1,1,1,0,0,1,0,0,0,1,1,1,1,1,1,0,1,1,0,1,0,0,1
"Th1R",411,1,1,1,0,0,1,0,0,0,1,1,1,1,1,1,0,1,1,0,1,1,0,1
"Th1R",412,1,1,1,0,0,1,0,0,0,1,1,1,1,1,1,0,1,1,0,0,0,0,1
"Th1R",413,1,1,1,0,0,1,0,0,0,1,1,1,1,1,1,0,1,1,0,0,1,0,1
"Th1R",414,1,1,1,0,0,1,0,0,0,1,1,1,1,1,1,0,1,1,0,0,0,1,1
"Th1R",415,1,1,1,0,0,1,0,0,0,1,1,1,1,1,1,0,1,1,0,0,1,1,1
"Th1R",416,1,1,1,0,0,1,0,0,0,1,1,1,1,1,1,0,1,1,0,1,0,1,1
"Th1R",417,1,1,1,0,0,1,0,0,0,1,1,1,1,1,1,0,1,1,0,1,1,1,1
"Th1R",418,1,1,1,0,0,1,0,0,0,1,1,1,1,1,1,0,0,1,0,0,1,1,1
"Th1R",419,1,1,1,0,0,1,0,0,0,1,1,1,1,1,1,0,0,1,0,1,1,1,1
"Th1R",420,1,1,1,0,0,1,0,0,0,1,1,1,1,1,1,0,0,1,0,0,0,1,1
"Th1R",421,1,1,1,0,0,1,0,0,0,1,1,1,1,1,1,0,0,1,0,1,0,1,1
"Th1R",422,1,1,1,0,0,1,0,0,0,1,1,1,1,1,1,0,0,1,0,0,0,0,1
"Th1R",423,1,1,1,0,0,1,0,0,0,1,1,1,1,1,1,0,0,1,0,1,0,0,1
"Th1R",424,1,1,1,0,0,1,0,0,0,1,1,1,1,1,1,0,0,1,0,0,1,0,1
"Th1R",425,1,1,1,0,0,1,0,0,0,1,1,1,1,1,1,0,0,1,0,1,1,0,1
"Th1R",426,1,1,1,0,0,1,0,0,0,1,1,0,1,1,0,1,1,1,0,0,1,0,1
"Th1R",427,1,1,1,0,0,1,0,0,0,1,1,0,1,1,0,1,1,1,0,1,1,0,1
"Th1R",428,1,1,1,0,0,1,0,0,0,1,1,0,1,1,0,1,1,1,0,0,0,0,1
"Th1R",429,1,1,1,0,0,1,0,0,0,1,1,0,1,1,0,1,1,1,0,1,0,0,1
"Th1R",430,1,1,1,0,0,1,0,0,0,1,1,0,1,1,0,1,0,1,0,0,0,0,1
"Th1R",431,1,1,1,0,0,1,0,0,0,1,1,0,1,1,0,1,0,1,0,1,0,0,1
"Th1R",432,1,1,1,0,0,1,0,0,0,1,1,0,1,1,0,1,0,1,0,0,1,0,1
"Th1R",433,1,1,1,0,0,1,0,0,0,1,1,0,1,1,0,1,0,1,0,1,1,0,1
"Th1R",434,1,1,1,0,0,1,0,0,0,1,1,0,1,1,0,0,0,1,0,0,1,0,1
"Th1R",435,1,1,1,0,0,1,0,0,0,1,1,0,1,1,0,0,0,1,0,1,1,0,1
"Th1R",436,1,1,1,0,0,1,0,0,0,1,1,0,1,1,0,0,0,1,0,0,0,0,1
"Th1R",437,1,1,1,0,0,1,0,0,0,1,1,0,1,1,0,0,0,1,0,1,0,0,1
"Th1R",438,1,1,1,0,0,1,0,0,0,1,1,0,1,1,0,0,1,1,0,0,0,0,1
"Th1R",439,1,1,1,0,0,1,0,0,0,1,1,0,1,1,0,0,1,1,0,1,0,0,1
"Th1R",440,1,1,1,0,0,1,0,0,0,1,1,0,1,1,0,0,1,1,0,0,1,0,1
"Th1R",441,1,1,1,0,0,1,0,0,0,1,1,0,1,1,0,0,1,1,0,1,1,0,1
"Th1R",442,1,1,1,0,0,1,0,0,0,1,1,0,1,1,0,0,1,1,1,0,1,0,1
"Th1R",443,1,1,1,0,0,1,0,0,0,1,1,0,1,1,0,0,1,1,1,1,1,0,1
"Th1R",444,1,1,1,0,0,1,0,0,0,1,1,0,1,1,0,0,1,1,1,0,0,0,1
"Th1R",445,1,1,1,0,0,1,0,0,0,1,1,0,1,1,0,0,1,1,1,1,0,0,1
"Th1R",446,1,1,1,0,0,1,0,0,0,1,1,0,1,1,0,1,1,1,1,0,0,0,1
"Th1R",447,1,1,1,0,0,1,0,0,0,1,1,0,1,1,0,1,1,1,1,1,0,0,1
"Th1R",448,1,1,1,0,0,1,0,0,0,1,1,0,1,1,0,1,1,1,1,0,1,0,1
"Th1R",449,1,1,1,0,0,1,0,0,0,1,1,0,1,1,0,1,1,1,1,1,1,0,1
"Th17",450,1,1,0,0,0,0,0,1,1,0,1,0,1,0,0,1,1,1,1,1,1,0,1
"Th17",451,1,1,0,0,0,0,0,1,1,0,1,0,1,0,0,1,1,1,1,0,1,0,1
"Th17",452,1,1,0,0,0,0,0,1,1,0,1,0,1,0,0,1,1,0,1,1,1,0,1
"Th17",453,1,1,0,0,0,0,0,1,1,0,1,0,1,0,0,1,1,0,1,0,1,0,1
"Th17",454,1,1,0,0,0,0,0,1,1,0,1,0,1,0,0,1,0,0,1,1,1,0,1
"Th17",455,1,1,0,0,0,0,0,1,1,0,1,0,1,0,0,1,0,0,1,0,1,0,1
"Th17",456,1,1,0,0,0,0,0,1,1,0,1,0,1,0,0,1,0,1,1,1,1,0,1
"Th17",457,1,1,0,0,0,0,0,1,1,0,1,0,1,0,0,1,0,1,1,0,1,0,1
"Th17",458,1,1,0,0,0,0,0,1,1,0,1,0,1,0,0,0,0,1,1,1,1,0,1
"Th17",459,1,1,0,0,0,0,0,1,1,0,1,0,1,0,0,0,0,1,1,0,1,0,1
"Th17",460,1,1,0,0,0,0,0,1,1,0,1,0,1,0,0,0,0,0,1,1,1,0,1
"Th17",461,1,1,0,0,0,0,0,1,1,0,1,0,1,0,0,0,0,0,1,0,1,0,1
"Th17",462,1,1,0,0,0,0,0,1,1,0,1,0,1,0,0,0,1,0,1,1,1,0,1
"Th17",463,1,1,0,0,0,0,0,1,1,0,1,0,1,0,0,0,1,0,1,0,1,0,1
"Th17",464,1,1,0,0,0,0,0,1,1,0,1,0,1,0,0,0,1,1,1,1,1,0,1
"Th17",465,1,1,0,0,0,0,0,1,1,0,1,0,1,0,0,0,1,1,1,0,1,0,1
"Th17",466,1,1,0,0,0,0,0,1,1,0,1,0,1,0,0,0,1,1,0,1,1,0,1
"Th17",467,1,1,0,0,0,0,0,1,1,0,1,0,1,0,0,0,1,1,0,0,1,0,1
"Th17",468,1,1,0,0,0,0,0,1,1,0,1,0,1,0,0,0,1,0,0,1,1,0,1
"Th17",469,1,1,0,0,0,0,0,1,1,0,1,0,1,0,0,0,1,0,0,0,1,0,1
"Th17",470,1,1,0,0,0,0,0,1,1,0,1,0,1,0,0,0,0,0,0,1,1,0,1
"Th17",471,1,1,0,0,0,0,0,1,1,0,1,0,1,0,0,0,0,0,0,0,1,0,1
"Th17",472,1,1,0,0,0,0,0,1,1,0,1,0,1,0,0,0,0,1,0,1,1,0,1
"Th17",473,1,1,0,0,0,0,0,1,1,0,1,0,1,0,0,0,0,1,0,0,1,0,1
"Th17",474,1,1,0,0,0,0,0,1,1,0,1,0,1,0,0,1,0,1,0,1,1,0,1
"Th17",475,1,1,0,0,0,0,0,1,1,0,1,0,1,0,0,1,0,1,0,0,1,0,1
"Th17",476,1,1,0,0,0,0,0,1,1,0,1,0,1,0,0,1,0,0,0,1,1,0,1
"Th17",477,1,1,0,0,0,0,0,1,1,0,1,0,1,0,0,1,0,0,0,0,1,0,1
"Th17",478,1,1,0,0,0,0,0,1,1,0,1,0,1,0,0,1,1,0,0,1,1,0,1
"Th17",479,1,1,0,0,0,0,0,1,1,0,1,0,1,0,0,1,1,0,0,0,1,0,1
"Th17",480,1,1,0,0,0,0,0,1,1,0,1,0,1,0,0,1,1,1,0,1,1,0,1
"Th17",481,1,1,0,0,0,0,0,1,1,0,1,0,1,0,0,1,1,1,0,0,1,0,1
"Treg",482,1,1,0,0,0,1,0,0,0,1,1,0,1,1,0,1,0,1,0,1,0,0,1
"Treg",483,1,1,0,0,0,1,0,0,0,1,1,0,1,1,0,1,0,1,0,0,0,0,1
"Treg",484,1,1,0,0,0,1,0,0,0,1,1,0,1,1,0,1,0,1,0,1,1,0,1
"Treg",485,1,1,0,0,0,1,0,0,0,1,1,0,1,1,0,1,0,1,0,0,1,0,1
"Treg",486,1,1,0,0,0,1,0,0,0,1,1,1,1,1,1,1,0,1,0,1,0,0,1
"Treg",487,1,1,0,0,0,1,0,0,0,1,1,1,1,1,1,1,0,1,0,0,0,0,1
"Treg",488,1,1,0,0,0,1,0,0,0,1,1,1,1,1,1,1,0,1,0,1,1,0,1
"Treg",489,1,1,0,0,0,1,0,0,0,1,1,1,1,1,1,1,0,1,0,0,1,0,1
"Treg",490,1,1,0,0,0,1,0,0,0,1,1,1,1,1,1,1,1,1,0,1,1,0,1
"Treg",491,1,1,0,0,0,1,0,0,0,1,1,1,1,1,1,1,1,1,0,0,1,0,1
"Treg",492,1,1,0,0,0,1,0,0,0,1,1,1,1,1,1,1,1,1,0,1,0,0,1
"Treg",493,1,1,0,0,0,1,0,0,0,1,1,1,1,1,1,1,1,1,0,0,0,0,1
"Treg",494,1,1,0,0,0,1,0,0,0,1,1,1,1,1,1,0,1,1,1,0,1,1,1
"Treg",495,1,1,0,0,0,1,0,0,0,1,1,1,1,1,1,0,1,1,1,1,1,1,1
"Treg",496,1,1,0,0,0,1,0,0,0,1,1,1,1,1,1,0,1,1,1,0,0,1,1
"Treg",497,1,1,0,0,0,1,0,0,0,1,1,1,1,1,1,0,1,1,1,1,0,1,1
"Treg",498,1,1,0,0,0,1,0,0,0,1,1,1,1,1,1,0,1,1,1,0,0,0,1
"Treg",499,1,1,0,0,0,1,0,0,0,1,1,1,1,1,1,0,1,1,1,1,0,0,1
"Treg",500,1,1,0,0,0,1,0,0,0,1,1,1,1,1,1,0,1,1,1,0,1,0,1
"Treg",501,1,1,0,0,0,1,0,0,0,1,1,1,1,1,1,0,1,1,1,1,1,0,1
"Treg",502,1,1,0,0,0,1,0,0,0,1,1,1,1,1,1,1,1,1,1,0,1,0,1
"Treg",503,1,1,0,0,0,1,0,0,0,1,1,1,1,1,1,1,1,1,1,1,1,0,1
"Treg",504,1,1,0,0,0,1,0,0,0,1,1,1,1,1,1,1,1,1,1,0,0,0,1
"Treg",505,1,1,0,0,0,1,0,0,0,1,1,1,1,1,1,1,1,1,1,1,0,0,1
"Tr",506,1,1,0,0,0,1,0,0,0,0,0,1,1,1,1,1,1,1,1,0,0,1,1
"Tr",507,1,1,0,0,0,1,0,0,0,0,0,1,1,1,1,1,1,1,1,1,0,1,1
"Tr",508,1,1,0,0,0,1,0,0,0,0,0,1,1,1,1,1,1,0,1,0,0,1,1
"Tr",509,1,1,0,0,0,1,0,0,0,0,0,1,1,1,1,1,1,0,1,1,0,1,1
"Tr",510,1,1,0,0,0,1,0,0,0,0,0,1,1,1,1,0,1,0,1,0,0,1,1
"Tr",511,1,1,0,0,0,1,0,0,0,0,0,1,1,1,1,0,1,0,1,1,0,1,1
"Tr",512,1,1,0,0,0,1,0,0,0,0,0,1,1,1,1,0,1,1,1,0,0,1,1
"Tr",513,1,1,0,0,0,1,0,0,0,0,0,1,1,1,1,0,1,1,1,1,0,1,1
"Tr",514,1,1,0,0,0,1,0,0,0,0,0,1,1,1,1,0,1,1,0,0,0,1,1
"Tr",515,1,1,0,0,0,1,0,0,0,0,0,1,1,1,1,0,1,1,0,1,0,1,1
"Tr",516,1,1,0,0,0,1,0,0,0,0,0,1,1,1,1,0,1,0,0,0,0,1,1
"Tr",517,1,1,0,0,0,1,0,0,0,0,0,1,1,1,1,0,1,0,0,1,0,1,1
"Tr",518,1,1,0,0,0,1,0,0,0,0,0,1,1,1,1,0,0,0,0,0,0,1,1
"Tr",519,1,1,0,0,0,1,0,0,0,0,0,1,1,1,1,0,0,0,0,1,0,1,1
"Tr",520,1,1,0,0,0,1,0,0,0,0,0,1,1,1,1,0,0,1,0,0,0,1,1
"Tr",521,1,1,0,0,0,1,0,0,0,0,0,1,1,1,1,0,0,1,0,1,0,1,1
"Tr",522,1,1,0,0,0,1,0,0,0,0,0,1,1,1,1,1,0,1,0,0,0,1,1
"Tr",523,1,1,0,0,0,1,0,0,0,0,0,1,1,1,1,1,0,1,0,1,0,1,1
"Tr",524,1,1,0,0,0,1,0,0,0,0,0,1,1,1,1,1,0,0,0,0,0,1,1
"Tr",525,1,1,0,0,0,1,0,0,0,0,0,1,1,1,1,1,0,0,0,1,0,1,1
"Tr",526,1,1,0,0,0,1,0,0,0,0,0,1,1,1,1,1,1,0,0,0,0,1,1
"Tr",527,1,1,0,0,0,1,0,0,0,0,0,1,1,1,1,1,1,0,0,1,0,1,1
"Tr",528,1,1,0,0,0,1,0,0,0,0,0,1,1,1,1,1,1,1,0,0,0,1,1
"Tr",529,1,1,0,0,0,1,0,0,0,0,0,1,1,1,1,1,1,1,0,1,0,1,1
"Treg",530,1,1,0,0,0,1,0,0,0,1,1,1,1,1,1,1,1,1,1,0,0,1,1
"Treg",531,1,1,0,0,0,1,0,0,0,1,1,1,1,1,1,1,1,1,1,1,0,1,1
"Treg",532,1,1,0,0,0,1,0,0,0,1,1,1,1,1,1,1,1,1,1,0,1,1,1
"Treg",533,1,1,0,0,0,1,0,0,0,1,1,1,1,1,1,1,1,1,1,1,1,1,1
"Treg",534,1,1,0,0,0,1,0,0,0,1,1,1,1,1,1,1,1,1,0,0,1,1,1
"Treg",535,1,1,0,0,0,1,0,0,0,1,1,1,1,1,1,1,1,1,0,1,1,1,1
"Treg",536,1,1,0,0,0,1,0,0,0,1,1,1,1,1,1,1,0,1,0,0,1,1,1
"Treg",537,1,1,0,0,0,1,0,0,0,1,1,1,1,1,1,1,0,1,0,1,1,1,1
"Treg",538,1,1,0,0,0,1,0,0,0,1,1,1,1,1,1,1,0,1,0,0,0,1,1
"Treg",539,1,1,0,0,0,1,0,0,0,1,1,1,1,1,1,1,0,1,0,1,0,1,1
"Treg",540,1,1,0,0,0,1,0,0,0,1,1,1,1,1,1,1,1,1,0,0,0,1,1
"Treg",541,1,1,0,0,0,1,0,0,0,1,1,1,1,1,1,1,1,1,0,1,0,1,1
"Treg",542,1,1,0,0,0,1,0,0,0,1,1,1,1,1,1,0,1,1,0,1,0,1,1
"Treg",543,1,1,0,0,0,1,0,0,0,1,1,1,1,1,1,0,1,1,0,0,0,1,1
"Treg",544,1,1,0,0,0,1,0,0,0,1,1,1,1,1,1,0,1,1,0,1,1,1,1
"Treg",545,1,1,0,0,0,1,0,0,0,1,1,1,1,1,1,0,1,1,0,0,1,1,1
"Treg",546,1,1,0,0,0,1,0,0,0,1,1,1,1,1,1,0,1,1,0,1,1,0,1
"Treg",547,1,1,0,0,0,1,0,0,0,1,1,1,1,1,1,0,1,1,0,0,1,0,1
"Treg",548,1,1,0,0,0,1,0,0,0,1,1,1,1,1,1,0,1,1,0,1,0,0,1
"Treg",549,1,1,0,0,0,1,0,0,0,1,1,1,1,1,1,0,1,1,0,0,0,0,1
"Treg",550,1,1,0,0,0,1,0,0,0,1,1,0,1,1,0,0,0,1,0,0,0,0,1
"Treg",551,1,1,0,0,0,1,0,0,0,1,1,0,1,1,0,0,0,1,0,1,0,0,1
"Treg",552,1,1,0,0,0,1,0,0,0,1,1,0,1,1,0,0,0,1,0,0,1,0,1
"Treg",553,1,1,0,0,0,1,0,0,0,1,1,0,1,1,0,0,0,1,0,1,1,0,1
"Treg",554,1,1,0,0,0,1,0,0,0,1,1,1,1,1,1,0,0,1,0,0,1,0,1
"Treg",555,1,1,0,0,0,1,0,0,0,1,1,1,1,1,1,0,0,1,0,1,1,0,1
"Treg",556,1,1,0,0,0,1,0,0,0,1,1,1,1,1,1,0,0,1,0,0,1,1,1
"Treg",557,1,1,0,0,0,1,0,0,0,1,1,1,1,1,1,0,0,1,0,1,1,1,1
"Treg",558,1,1,0,0,0,1,0,0,0,1,1,1,1,1,1,0,0,1,0,0,0,1,1
"Treg",559,1,1,0,0,0,1,0,0,0,1,1,1,1,1,1,0,0,1,0,1,0,1,1
"Treg",560,1,1,0,0,0,1,0,0,0,1,1,1,1,1,1,0,0,1,0,0,0,0,1
"Treg",561,1,1,0,0,0,1,0,0,0,1,1,1,1,1,1,0,0,1,0,1,0,0,1
"Th2R",562,1,1,0,0,1,0,1,0,0,0,0,1,0,1,1,0,0,1,0,0,0,1,1
"Th2R",563,1,1,0,0,1,0,1,0,0,0,0,1,0,1,1,0,0,1,0,0,0,0,1
"Th2R",564,1,1,0,0,1,0,1,0,0,0,0,1,0,1,1,0,0,1,1,0,0,1,1
"Th2R",565,1,1,0,0,1,0,1,0,0,0,0,1,0,1,1,0,0,1,1,0,0,0,1
"Th2R",566,1,1,0,0,1,0,1,0,0,0,0,1,0,1,1,0,0,0,1,0,0,1,1
"Th2R",567,1,1,0,0,1,0,1,0,0,0,0,1,0,1,1,0,0,0,1,0,0,0,1
"Th2R",568,1,1,0,0,1,0,1,0,0,0,0,1,0,1,1,0,0,0,0,0,0,1,1
"Th2R",569,1,1,0,0,1,0,1,0,0,0,0,1,0,1,1,0,0,0,0,0,0,0,1
"Th2",570,1,1,0,0,1,0,1,0,0,0,0,0,0,0,1,0,0,0,1,0,0,0,1
"Th2",571,1,1,0,0,1,0,1,0,0,0,0,0,0,0,1,0,0,0,0,0,0,0,1
"Th2",572,1,1,0,0,1,0,1,0,0,0,0,0,0,0,1,1,0,0,1,0,0,0,1
"Th2",573,1,1,0,0,1,0,1,0,0,0,0,0,0,0,1,1,0,0,0,0,0,0,1
"Th2R",574,1,1,0,0,1,0,1,0,0,0,0,1,0,1,1,1,0,1,0,0,0,1,1
"Th2R",575,1,1,0,0,1,0,1,0,0,0,0,1,0,1,1,1,0,1,0,0,0,0,1
"Th2R",576,1,1,0,0,1,0,1,0,0,0,0,1,0,1,1,1,0,1,1,0,0,1,1
"Th2R",577,1,1,0,0,1,0,1,0,0,0,0,1,0,1,1,1,0,1,1,0,0,0,1
"Th2R",578,1,1,0,0,1,0,1,0,0,0,0,1,0,1,1,1,0,0,1,0,0,1,1
"Th2R",579,1,1,0,0,1,0,1,0,0,0,0,1,0,1,1,1,0,0,1,0,0,0,1
"Th2R",580,1,1,0,0,1,0,1,0,0,0,0,1,0,1,1,1,0,0,0,0,0,1,1
"Th2R",581,1,1,0,0,1,0,1,0,0,0,0,1,0,1,1,1,0,0,0,0,0,0,1
"Th2R",582,1,1,0,0,1,1,1,0,0,0,0,1,1,1,1,1,0,0,0,1,0,0,1
"Th2R",583,1,1,0,0,1,1,1,0,0,0,0,1,1,1,1,1,0,0,0,1,0,1,1
"Th2R",584,1,1,0,0,1,1,1,0,0,0,0,1,1,1,1,1,0,0,0,0,0,1,1
"Th2R",585,1,1,0,0,1,1,1,0,0,0,0,1,1,1,1,1,0,0,1,1,0,1,1
"Th2R",586,1,1,0,0,1,1,1,0,0,0,0,1,1,1,1,1,0,0,1,0,0,1,1
"Th2R",587,1,1,0,0,1,1,1,0,0,0,0,1,1,1,1,1,0,0,1,1,0,0,1
"Th2R",588,1,1,0,0,1,1,1,0,0,0,0,1,1,1,1,1,0,1,1,1,0,0,1
"Th2R",589,1,1,0,0,1,1,1,0,0,0,0,1,1,1,1,1,0,1,1,1,0,1,1
"Th2R",590,1,1,0,0,1,1,1,0,0,0,0,1,1,1,1,1,0,1,1,0,0,1,1
"Th2R",591,1,1,0,0,1,1,1,0,0,0,0,1,1,1,1,1,0,1,0,1,0,1,1
"Th2R",592,1,1,0,0,1,1,1,0,0,0,0,1,1,1,1,1,0,1,0,0,0,1,1
"Th2R",593,1,1,0,0,1,1,1,0,0,0,0,1,1,1,1,1,0,1,0,1,0,0,1
"Th2",594,1,1,0,0,1,1,1,0,0,0,0,0,1,1,1,1,0,1,0,1,0,0,1
"Th2",595,1,1,0,0,1,1,1,0,0,0,0,0,1,1,1,1,0,1,0,0,0,0,1
"Th2",596,1,1,0,0,1,1,1,0,0,0,0,0,1,1,1,1,0,1,1,1,0,0,1
"Th2",597,1,1,0,0,1,1,1,0,0,0,0,0,1,1,1,1,0,1,1,0,0,0,1
"Th2",598,1,1,0,0,1,1,1,0,0,0,0,0,1,1,1,1,0,0,1,1,0,0,1
"Th2",599,1,1,0,0,1,1,1,0,0,0,0,0,1,1,1,1,0,0,1,0,0,0,1
"Th2",600,1,1,0,0,1,1,1,0,0,0,0,0,1,1,1,1,0,0,0,1,0,0,1
"Th2",601,1,1,0,0,1,1,1,0,0,0,0,0,1,1,1,1,0,0,0,0,0,0,1
"Th2",602,1,1,0,0,1,1,1,0,0,0,0,0,1,1,1,0,0,0,0,1,0,0,1
"Th2",603,1,1,0,0,1,1,1,0,0,0,0,0,1,1,1,0,0,0,0,0,0,0,1
"Th2",604,1,1,0,0,1,1,1,0,0,0,0,0,1,1,1,0,0,0,1,1,0,0,1
"Th2",605,1,1,0,0,1,1,1,0,0,0,0,0,1,1,1,0,0,0,1,0,0,0,1
"Th2",606,1,1,0,0,1,1,1,0,0,0,0,0,1,1,1,0,0,1,1,1,0,0,1
"Th2",607,1,1,0,0,1,1,1,0,0,0,0,0,1,1,1,0,0,1,1,0,0,0,1
"Th2",608,1,1,0,0,1,1,1,0,0,0,0,0,1,1,1,0,0,1,0,1,0,0,1
"Th2",609,1,1,0,0,1,1,1,0,0,0,0,0,1,1,1,0,0,1,0,0,0,0,1
"Th2R",610,1,1,0,0,1,1,1,0,0,0,0,1,1,1,1,0,0,1,0,1,0,1,1
"Th2R",611,1,1,0,0,1,1,1,0,0,0,0,1,1,1,1,0,0,1,0,0,0,1,1
"Th2R",612,1,1,0,0,1,1,1,0,0,0,0,1,1,1,1,0,0,1,0,1,0,0,1
"Th2R",613,1,1,0,0,1,1,1,0,0,0,0,1,1,1,1,0,0,1,1,1,0,0,1
"Th2R",614,1,1,0,0,1,1,1,0,0,0,0,1,1,1,1,0,0,1,1,1,0,1,1
"Th2R",615,1,1,0,0,1,1,1,0,0,0,0,1,1,1,1,0,0,1,1,0,0,1,1
"Th2R",616,1,1,0,0,1,1,1,0,0,0,0,1,1,1,1,0,0,0,1,1,0,1,1
"Th2R",617,1,1,0,0,1,1,1,0,0,0,0,1,1,1,1,0,0,0,1,0,0,1,1
"Th2R",618,1,1,0,0,1,1,1,0,0,0,0,1,1,1,1,0,0,0,0,1,0,1,1
"Th2R",619,1,1,0,0,1,1,1,0,0,0,0,1,1,1,1,0,0,0,0,0,0,1,1
"Th2R",620,1,1,0,0,1,1,1,0,0,0,0,1,1,1,1,0,0,0,0,1,0,0,1
"Th2R",621,1,1,0,0,1,1,1,0,0,0,0,1,1,1,1,0,0,0,0,0,0,0,1
"Th2R",622,1,1,0,0,1,1,1,0,0,0,0,1,1,1,1,0,0,0,1,1,0,0,1
"Th2R",623,1,1,0,0,1,1,1,0,0,0,0,1,1,1,1,0,0,0,1,0,0,0,1
"Th2R",624,1,1,0,0,1,1,1,0,0,0,0,1,1,1,1,1,0,0,0,0,0,0,1
"Th2R",625,1,1,0,0,1,1,1,0,0,0,0,1,1,1,1,1,0,0,1,0,0,0,1
"Th2R",626,1,1,0,0,1,1,1,0,0,0,0,1,1,1,1,1,0,1,0,0,0,0,1
"Th2R",627,1,1,0,0,1,1,1,0,0,0,0,1,1,1,1,1,0,1,1,0,0,0,1
"Th2R",628,1,1,0,0,1,1,1,0,0,0,0,1,1,1,1,0,0,1,0,0,0,0,1
"Th2R",629,1,1,0,0,1,1,1,0,0,0,0,1,1,1,1,0,0,1,1,0,0,0,1
"Treg",630,1,1,0,0,0,1,1,0,0,1,1,1,1,1,1,1,0,1,1,1,0,0,1
"Treg",631,1,1,0,0,0,1,1,0,0,1,1,1,1,1,1,1,0,1,1,0,0,0,1
"Treg",632,1,1,0,0,0,1,1,0,0,1,1,1,1,1,1,1,0,1,1,1,0,1,1
"Treg",633,1,1,0,0,0,1,1,0,0,1,1,1,1,1,1,1,0,1,1,0,0,1,1
"Treg",634,1,1,0,0,0,1,1,0,0,1,1,1,1,1,1,1,0,1,1,1,1,1,1
"Treg",635,1,1,0,0,0,1,1,0,0,1,1,1,1,1,1,1,0,1,1,0,1,1,1
"Treg",636,1,1,0,0,0,1,1,0,0,1,1,1,1,1,1,1,0,1,1,1,1,0,1
"Treg",637,1,1,0,0,0,1,1,0,0,1,1,1,1,1,1,1,0,1,1,0,1,0,1
"Treg",638,1,1,0,0,0,1,1,0,0,1,1,0,1,1,1,1,0,1,1,1,1,0,1
"Treg",639,1,1,0,0,0,1,1,0,0,1,1,0,1,1,1,1,0,1,1,0,1,0,1
"Treg",640,1,1,0,0,0,1,1,0,0,1,1,0,1,1,1,1,0,1,1,1,0,0,1
"Treg",641,1,1,0,0,0,1,1,0,0,1,1,0,1,1,1,1,0,1,1,0,0,0,1
"Tr",642,1,1,0,0,0,0,1,0,0,0,1,1,0,1,1,1,0,1,1,0,0,1,1
"Tr",643,1,1,0,0,0,0,1,0,0,0,1,1,0,1,1,1,0,1,1,0,0,0,1
"Tr",644,1,1,0,0,0,0,1,0,0,0,1,1,0,1,1,1,0,1,1,0,1,1,1
"Tr",645,1,1,0,0,0,0,1,0,0,0,1,1,0,1,1,1,0,1,1,0,1,0,1
"Tr",646,1,1,0,0,0,0,1,0,0,0,1,1,0,1,1,1,0,0,1,0,1,1,1
"Tr",647,1,1,0,0,0,0,1,0,0,0,1,1,0,1,1,1,0,0,1,0,1,0,1
"Tr",648,1,1,0,0,0,0,1,0,0,0,1,1,0,1,1,1,0,0,1,0,0,1,1
"Tr",649,1,1,0,0,0,0,1,0,0,0,1,1,0,1,1,1,0,0,1,0,0,0,1
"Tr",650,1,1,0,0,0,0,1,0,0,0,1,0,0,0,1,1,0,0,1,0,1,0,1
"Tr",651,1,1,0,0,0,0,1,0,0,0,1,0,0,0,1,1,0,0,1,0,0,0,1
"Tex",652,1,1,0,0,0,0,1,0,0,0,0,0,0,0,1,1,0,0,1,0,0,0,1
"Tex",653,1,1,0,0,0,0,1,0,0,0,0,0,0,0,1,0,0,0,1,0,0,0,1
"Tr",654,1,1,0,0,0,0,1,0,0,0,1,0,0,0,1,0,0,0,1,0,1,0,1
"Tr",655,1,1,0,0,0,0,1,0,0,0,1,0,0,0,1,0,0,0,1,0,0,0,1
"Tr",656,1,1,0,0,0,0,1,0,0,0,1,1,0,1,1,0,0,0,1,0,0,0,1
"Tr",657,1,1,0,0,0,0,1,0,0,0,1,1,0,1,1,0,0,0,1,0,0,1,1
"Tr",658,1,1,0,0,0,0,1,0,0,0,1,1,0,1,1,0,0,0,1,0,1,0,1
"Tr",659,1,1,0,0,0,0,1,0,0,0,1,1,0,1,1,0,0,0,1,0,1,1,1
"Tr",660,1,1,0,0,0,0,1,0,0,0,1,1,0,1,1,0,0,1,1,0,1,0,1
"Tr",661,1,1,0,0,0,0,1,0,0,0,1,1,0,1,1,0,0,1,1,0,1,1,1
"Tr",662,1,1,0,0,0,0,1,0,0,0,1,1,0,1,1,0,0,1,1,0,0,0,1
"Tr",663,1,1,0,0,0,0,1,0,0,0,1,1,0,1,1,0,0,1,1,0,0,1,1
"Treg",664,1,1,0,0,0,1,1,0,0,1,1,0,1,1,1,0,0,1,1,1,1,0,1
"Treg",665,1,1,0,0,0,1,1,0,0,1,1,0,1,1,1,0,0,1,1,1,0,0,1
"Treg",666,1,1,0,0,0,1,1,0,0,1,1,0,1,1,1,0,0,1,1,0,1,0,1
"Treg",667,1,1,0,0,0,1,1,0,0,1,1,0,1,1,1,0,0,1,1,0,0,0,1
"Treg",668,1,1,0,0,0,1,1,0,0,1,1,1,1,1,1,0,0,1,1,1,1,0,1
"Treg",669,1,1,0,0,0,1,1,0,0,1,1,1,1,1,1,0,0,1,1,0,1,0,1
"Treg",670,1,1,0,0,0,1,1,0,0,1,1,1,1,1,1,0,0,1,1,1,1,1,1
"Treg",671,1,1,0,0,0,1,1,0,0,1,1,1,1,1,1,0,0,1,1,0,1,1,1
"Treg",672,1,1,0,0,0,1,1,0,0,1,1,1,1,1,1,0,0,1,1,0,0,0,1
"Treg",673,1,1,0,0,0,1,1,0,0,1,1,1,1,1,1,0,0,1,1,0,0,1,1
"Treg",674,1,1,0,0,0,1,1,0,0,1,1,1,1,1,1,0,0,1,1,1,0,0,1
"Treg",675,1,1,0,0,0,1,1,0,0,1,1,1,1,1,1,0,0,1,1,1,0,1,1
"Th1R",676,1,1,1,1,0,1,0,0,0,0,0,1,1,1,1,1,0,1,0,0,0,0,1
"Th1R",677,1,1,1,1,0,1,0,0,0,0,0,1,1,1,1,1,0,0,0,0,0,0,1
"Th1R",678,1,1,1,1,0,1,0,0,0,0,0,1,1,1,1,1,0,1,0,0,0,1,1
"Th1R",679,1,1,1,1,0,1,0,0,0,0,0,1,1,1,1,1,0,0,0,0,0,1,1
"Th1R",680,1,1,1,1,0,1,0,0,0,0,0,1,1,1,1,0,0,0,0,0,0,1,1
"Th1R",681,1,1,1,1,0,1,0,0,0,0,0,1,1,1,1,0,0,0,0,1,0,1,1
"Th1R",682,1,1,1,1,0,1,0,0,0,0,0,1,1,1,1,0,0,1,0,0,0,1,1
"Th1R",683,1,1,1,1,0,1,0,0,0,0,0,1,1,1,1,0,0,1,0,1,0,1,1
"Th1R",684,1,1,1,1,0,1,0,0,0,0,0,1,1,1,1,0,0,0,0,1,0,0,1
"Th1R",685,1,1,1,1,0,1,0,0,0,0,0,1,1,1,1,0,0,1,0,1,0,0,1
"Th1R",686,1,1,1,1,0,1,0,0,0,0,0,1,1,1,1,0,0,1,0,0,0,0,1
"Th1R",687,1,1,1,1,0,1,0,0,0,0,0,1,1,1,1,0,0,0,0,0,0,0,1
"Th1",688,1,1,1,1,0,1,0,0,0,0,0,0,1,1,1,0,0,0,0,1,0,0,1
"Th1",689,1,1,1,1,0,1,0,0,0,0,0,0,1,1,1,0,0,0,0,0,0,0,1
"Th1",690,1,1,1,1,0,1,0,0,0,0,0,0,1,1,1,0,0,1,0,1,0,0,1
"Th1",691,1,1,1,1,0,1,0,0,0,0,0,0,1,1,1,0,0,1,0,0,0,0,1
"Th1",692,1,1,1,1,0,1,0,0,0,0,0,0,1,1,1,0,1,1,1,0,0,0,1
"Th1",693,1,1,1,1,0,1,0,0,0,0,0,0,1,1,1,0,1,1,0,0,0,0,1
"Th1",694,1,1,1,1,0,1,0,0,0,0,0,0,1,1,1,0,1,1,1,1,0,0,1
"Th1",695,1,1,1,1,0,1,0,0,0,0,0,0,1,1,1,0,1,1,0,1,0,0,1
"Th1",696,1,1,1,1,0,1,0,0,0,0,0,0,1,1,1,0,1,0,1,1,0,0,1
"Th1",697,1,1,1,1,0,1,0,0,0,0,0,0,1,1,1,0,1,0,0,1,0,0,1
"Th1",698,1,1,1,1,0,1,0,0,0,0,0,0,1,1,1,0,1,0,1,0,0,0,1
"Th1",699,1,1,1,1,0,1,0,0,0,0,0,0,1,1,1,0,1,0,0,0,0,0,1
"Th1",700,1,1,1,1,0,0,0,0,0,0,0,0,1,1,1,0,0,0,1,1,0,0,1
"Th1",701,1,1,1,1,0,0,0,0,0,0,0,0,1,1,1,0,0,0,0,1,0,0,1
"Th1",702,1,1,1,1,0,0,0,0,0,0,0,0,1,1,1,0,0,0,1,0,0,0,1
"Th1",703,1,1,1,1,0,0,0,0,0,0,0,0,1,1,1,0,0,0,0,0,0,0,1
"Th1",704,1,1,1,1,0,0,0,0,0,0,0,0,1,1,1,0,1,0,1,0,0,0,1
"Th1",705,1,1,1,1,0,0,0,0,0,0,0,0,1,1,1,0,1,0,0,0,0,0,1
"Th1",706,1,1,1,1,0,0,0,0,0,0,0,0,1,1,1,0,1,0,1,1,0,0,1
"Th1",707,1,1,1,1,0,0,0,0,0,0,0,0,1,1,1,0,1,0,0,1,0,0,1
"Th1",708,1,1,1,1,0,0,0,0,0,0,0,0,1,1,1,0,1,1,1,1,0,0,1
"Th1",709,1,1,1,1,0,0,0,0,0,0,0,0,1,1,1,0,1,1,0,1,0,0,1
"Th1",710,1,1,1,1,0,0,0,0,0,0,0,0,1,1,1,0,1,1,1,0,0,0,1
"Th1",711,1,1,1,1,0,0,0,0,0,0,0,0,1,1,1,0,1,1,0,0,0,0,1
"Th1",712,1,1,1,1,0,0,0,0,0,0,0,0,1,1,1,0,0,1,1,0,0,0,1
"Th1",713,1,1,1,1,0,0,0,0,0,0,0,0,1,1,1,0,0,1,0,0,0,0,1
"Th1",714,1,1,1,1,0,0,0,0,0,0,0,0,1,1,1,0,0,1,1,1,0,0,1
"Th1",715,1,1,1,1,0,0,0,0,0,0,0,0,1,1,1,0,0,1,0,1,0,0,1
"Th1",716,1,1,1,1,0,0,0,0,0,0,0,0,1,1,1,1,0,1,1,1,0,0,1
"Th1",717,1,1,1,1,0,0,0,0,0,0,0,0,1,1,1,1,0,1,0,1,0,0,1
"Th1",718,1,1,1,1,0,0,0,0,0,0,0,0,1,1,1,1,0,1,1,0,0,0,1
"Th1",719,1,1,1,1,0,0,0,0,0,0,0,0,1,1,1,1,0,1,0,0,0,0,1
"Th1",720,1,1,1,1,0,0,0,0,0,0,0,0,1,1,1,1,0,0,1,0,0,0,1
"Th1",721,1,1,1,1,0,0,0,0,0,0,0,0,1,1,1,1,0,0,1,1,0,0,1
"Th1R",722,1,1,1,1,0,0,0,0,0,0,1,0,1,1,1,1,0,0,1,0,1,0,1
"Th1R",723,1,1,1,1,0,0,0,0,0,0,1,0,1,1,1,1,0,0,1,1,1,0,1
"Th1R",724,1,1,1,1,0,0,0,0,0,0,1,1,1,1,1,1,1,1,0,1,0,1,1
"Th1R",725,1,1,1,1,0,0,0,0,0,0,1,1,1,1,1,1,1,1,1,1,0,1,1
"Th1R",726,1,1,1,1,0,0,0,0,0,0,1,1,1,1,1,1,0,1,0,1,0,1,1
"Th1R",727,1,1,1,1,0,0,0,0,0,0,1,1,1,1,1,1,0,1,1,1,0,1,1
"Th1R",728,1,1,1,1,0,0,0,0,0,0,1,1,1,1,1,1,0,1,0,0,0,1,1
"Th1R",729,1,1,1,1,0,0,0,0,0,0,1,1,1,1,1,1,0,1,1,0,0,1,1
"Th1R",730,1,1,1,1,0,0,0,0,0,0,1,1,1,1,1,1,0,1,0,0,0,0,1
"Th1R",731,1,1,1,1,0,0,0,0,0,0,1,1,1,1,1,1,0,1,1,0,0,0,1
"Th1R",732,1,1,1,1,0,0,0,0,0,0,1,1,1,1,1,1,0,1,0,1,0,0,1
"Th1R",733,1,1,1,1,0,0,0,0,0,0,1,1,1,1,1,1,0,1,1,1,0,0,1
"Th1R",734,1,1,1,1,0,0,0,0,0,0,1,1,1,1,1,1,1,1,0,1,0,0,1
"Th1R",735,1,1,1,1,0,0,0,0,0,0,1,1,1,1,1,1,1,1,1,1,0,0,1
"Th1R",736,1,1,1,1,0,0,0,0,0,0,1,1,1,1,1,1,1,1,0,0,0,0,1
"Th1R",737,1,1,1,1,0,0,0,0,0,0,1,1,1,1,1,1,1,1,1,0,0,0,1
"Th1R",738,1,1,1,1,0,0,0,0,0,0,1,0,1,1,1,1,1,1,0,0,0,0,1
"Th1R",739,1,1,1,1,0,0,0,0,0,0,1,0,1,1,1,1,1,1,1,0,0,0,1
"Th1R",740,1,1,1,1,0,0,0,0,0,0,1,0,1,1,1,1,1,1,0,1,0,0,1
"Th1R",741,1,1,1,1,0,0,0,0,0,0,1,0,1,1,1,1,1,1,1,1,0,0,1
"Th1R",742,1,1,1,1,0,0,0,0,0,0,1,0,1,1,1,1,0,1,0,1,0,0,1
"Th1R",743,1,1,1,1,0,0,0,0,0,0,1,0,1,1,1,1,0,1,1,1,0,0,1
"Th1R",744,1,1,1,1,0,0,0,0,0,0,1,0,1,1,1,1,0,1,0,0,0,0,1
"Th1R",745,1,1,1,1,0,0,0,0,0,0,1,0,1,1,1,1,0,1,1,0,0,0,1
"Th1R",746,1,1,1,1,0,0,0,0,0,0,1,0,1,1,1,1,0,0,1,1,0,0,1
"Th1R",747,1,1,1,1,0,0,0,0,0,0,1,0,1,1,1,1,0,0,1,0,0,0,1
"Th1R",748,1,1,1,1,0,0,0,0,0,0,1,1,1,1,1,1,1,0,0,0,0,0,1
"Th1R",749,1,1,1,1,0,0,0,0,0,0,1,1,1,1,1,1,1,0,1,0,0,0,1
"Th1R",750,1,1,1,1,0,0,0,0,0,0,1,1,1,1,1,1,1,0,0,1,0,0,1
"Th1R",751,1,1,1,1,0,0,0,0,0,0,1,1,1,1,1,1,1,0,1,1,0,0,1
"Th1R",752,1,1,1,1,0,0,0,0,0,0,1,1,1,1,1,1,0,0,0,1,0,0,1
"Th1R",753,1,1,1,1,0,0,0,0,0,0,1,1,1,1,1,1,0,0,1,1,0,0,1
"Th1R",754,1,1,1,1,0,0,0,0,0,0,1,1,1,1,1,1,0,0,0,0,0,0,1
"Th1R",755,1,1,1,1,0,0,0,0,0,0,1,1,1,1,1,1,0,0,1,0,0,0,1
"Th1R",756,1,1,1,1,0,0,0,0,0,0,1,1,1,1,1,1,0,0,0,0,0,1,1
"Th1R",757,1,1,1,1,0,0,0,0,0,0,1,1,1,1,1,1,0,0,1,0,0,1,1
"Th1R",758,1,1,1,1,0,0,0,0,0,0,1,1,1,1,1,1,0,0,0,1,0,1,1
"Th1R",759,1,1,1,1,0,0,0,0,0,0,1,1,1,1,1,1,0,0,1,1,0,1,1
"Th1R",760,1,1,1,0,0,0,0,0,0,0,1,1,1,1,1,0,1,1,1,1,0,0,1
"Th1R",761,1,1,1,0,0,0,0,0,0,0,1,1,1,1,1,0,1,1,0,1,0,0,1
"Th1R",762,1,1,1,0,0,0,0,0,0,0,1,1,1,1,1,0,0,1,1,1,0,0,1
"Th1R",763,1,1,1,0,0,0,0,0,0,0,1,1,1,1,1,0,0,1,0,1,0,0,1
"Th1R",764,1,1,1,0,0,0,0,0,0,0,1,1,1,1,1,0,0,0,1,1,0,0,1
"Th1R",765,1,1,1,0,0,0,0,0,0,0,1,1,1,1,1,0,0,0,0,1,0,0,1
"Th1R",766,1,1,1,0,0,0,0,0,0,0,1,1,1,1,1,0,1,0,1,1,0,0,1
"Th1R",767,1,1,1,0,0,0,0,0,0,0,1,1,1,1,1,0,1,0,0,1,0,0,1
"Th1R",768,1,1,1,0,0,0,0,0,0,0,1,1,1,1,1,0,1,0,1,1,0,1,1
"Th1R",769,1,1,1,0,0,0,0,0,0,0,1,1,1,1,1,0,1,0,0,1,0,1,1
"Th1R",770,1,1,1,0,0,0,0,0,0,0,1,1,1,1,1,0,0,0,1,1,0,1,1
"Th1R",771,1,1,1,0,0,0,0,0,0,0,1,1,1,1,1,0,0,0,0,1,0,1,1
"Th1R",772,1,1,1,0,0,0,0,0,0,0,1,1,1,1,1,0,0,1,1,1,0,1,1
"Th1R",773,1,1,1,0,0,0,0,0,0,0,1,1,1,1,1,0,0,1,0,1,0,1,1
"Th1R",774,1,1,1,0,0,0,0,0,0,0,1,1,1,1,1,0,1,1,1,1,0,1,1
"Th1R",775,1,1,1,0,0,0,0,0,0,0,1,1,1,1,1,0,1,1,0,1,0,1,1
"Th1R",776,1,1,1,0,0,0,0,0,0,0,1,1,1,1,1,0,1,1,1,1,1,1,1
"Th1R",777,1,1,1,0,0,0,0,0,0,0,1,1,1,1,1,0,1,1,0,1,1,1,1
"Th1R",778,1,1,1,0,0,0,0,0,0,0,1,1,1,1,1,0,1,0,1,1,1,1,1
"Th1R",779,1,1,1,0,0,0,0,0,0,0,1,1,1,1,1,0,1,0,0,1,1,1,1
"Th1R",780,1,1,1,0,0,0,0,0,0,0,1,1,1,1,1,0,0,0,1,1,1,0,1
"Th1R",781,1,1,1,0,0,0,0,0,0,0,1,1,1,1,1,0,0,0,0,1,1,0,1
"Th1R",782,1,1,1,0,0,0,0,0,0,0,1,1,1,1,1,0,1,0,1,1,1,0,1
"Th1R",783,1,1,1,0,0,0,0,0,0,0,1,1,1,1,1,0,1,0,0,1,1,0,1
"Th1R",784,1,1,1,0,0,0,0,0,0,0,1,1,1,1,1,0,1,1,1,1,1,0,1
"Th1R",785,1,1,1,0,0,0,0,0,0,0,1,1,1,1,1,0,1,1,0,1,1,0,1
"Th1R",786,1,1,1,0,0,0,0,0,0,0,1,1,1,1,1,0,0,1,1,1,1,0,1
"Th1R",787,1,1,1,0,0,0,0,0,0,0,1,1,1,1,1,0,0,1,0,1,1,0,1
"Th1R",788,1,1,1,0,0,0,0,0,0,0,1,1,1,1,1,0,0,1,1,1,1,1,1
"Th1R",789,1,1,1,0,0,0,0,0,0,0,1,1,1,1,1,0,0,1,0,1,1,1,1
"Th1R",790,1,1,1,0,0,0,0,0,0,0,1,1,1,1,1,0,0,0,1,1,1,1,1
"Th1R",791,1,1,1,0,0,0,0,0,0,0,1,1,1,1,1,0,0,0,0,1,1,1,1
"Th1R",792,1,1,1,0,0,0,0,0,0,0,1,1,1,1,1,1,0,0,1,1,1,1,1
"Th1R",793,1,1,1,0,0,0,0,0,0,0,1,1,1,1,1,1,0,1,1,1,1,1,1
"Th1R",794,1,1,1,0,0,0,0,0,0,0,1,1,1,1,1,1,0,0,1,1,0,0,1
"Th1R",795,1,1,1,0,0,0,0,0,0,0,1,1,1,1,1,1,0,0,0,1,0,0,1
"Th1R",796,1,1,1,0,0,0,0,0,0,0,1,1,1,1,1,1,1,0,1,1,0,0,1
"Th1R",797,1,1,1,0,0,0,0,0,0,0,1,1,1,1,1,1,1,0,0,1,0,0,1
"Th1R",798,1,1,1,0,0,0,0,0,0,0,1,1,1,1,1,1,1,1,1,1,0,0,1
"Th1R",799,1,1,1,0,0,0,0,0,0,0,1,1,1,1,1,1,1,1,0,1,0,0,1
"Th1R",800,1,1,1,0,0,0,0,0,0,0,1,1,1,1,1,1,0,1,1,1,0,0,1
"Th1R",801,1,1,1,0,0,0,0,0,0,0,1,1,1,1,1,1,0,1,0,1,0,0,1
"Th1R",802,1,1,1,0,0,0,0,0,0,0,1,1,1,1,1,1,0,1,1,1,0,1,1
"Th1R",803,1,1,1,0,0,0,0,0,0,0,1,1,1,1,1,1,0,0,1,1,0,1,1
"Th1R",804,1,1,1,0,0,0,0,0,0,0,1,1,1,1,1,1,0,0,0,1,0,1,1
"Th1R",805,1,1,1,0,0,0,0,0,0,0,1,1,1,1,1,1,1,0,0,1,0,1,1
"Th1R",806,1,1,1,0,0,0,0,0,0,0,1,1,1,1,1,1,1,0,1,1,0,1,1
"Th1R",807,1,1,1,0,0,0,0,0,0,0,1,1,1,1,1,1,1,1,0,1,0,1,1
"Th1R",808,1,1,1,0,0,0,0,0,0,0,1,1,1,1,1,1,1,1,1,1,0,1,1
"Th1R",809,1,1,1,0,0,0,0,0,0,0,1,1,1,1,1,1,0,1,0,1,0,1,1
"Th1R",810,1,1,1,0,0,0,0,0,0,0,1,1,1,1,1,1,0,0,0,1,1,1,1
"Th1R",811,1,1,1,0,0,0,0,0,0,0,1,1,1,1,1,1,1,0,0,1,1,1,1
"Th1R",812,1,1,1,0,0,0,0,0,0,0,1,1,1,1,1,1,1,0,1,1,1,1,1
"Th1R",813,1,1,1,0,0,0,0,0,0,0,1,1,1,1,1,1,1,1,0,1,1,1,1
"Th1R",814,1,1,1,0,0,0,0,0,0,0,1,1,1,1,1,1,1,1,1,1,1,1,1
"Th1R",815,1,1,1,0,0,0,0,0,0,0,1,1,1,1,1,1,0,1,0,1,1,1,1
"Th1R",816,1,1,1,1,0,0,0,0,0,0,1,1,1,1,1,1,0,1,0,1,1,1,1
"Th1R",817,1,1,1,1,0,0,0,0,0,0,1,1,1,1,1,1,0,1,0,0,1,1,1
"Th1R",818,1,1,1,1,0,0,0,0,0,0,1,1,1,1,1,1,0,1,1,1,1,1,1
"Th1R",819,1,1,1,1,0,0,0,0,0,0,1,1,1,1,1,1,0,1,1,0,1,1,1
"Th1R",820,1,1,1,1,0,0,0,0,0,0,1,1,1,1,1,1,0,0,1,1,1,1,1
"Th1R",821,1,1,1,1,0,0,0,0,0,0,1,1,1,1,1,1,0,0,1,0,1,0,1
"Th1R",822,1,1,1,1,0,0,0,0,0,0,1,1,1,1,1,1,0,0,1,1,1,0,1
"Th1R",823,1,1,1,1,0,0,0,0,0,0,1,1,1,1,1,1,0,0,0,0,1,0,1
"Th1R",824,1,1,1,1,0,0,0,0,0,0,1,1,1,1,1,1,0,0,0,1,1,0,1
"Th1R",825,1,1,1,1,0,0,0,0,0,0,1,1,1,1,1,1,1,0,0,0,1,0,1
"Th1R",826,1,1,1,1,0,0,0,0,0,0,1,1,1,1,1,1,1,0,0,1,1,0,1
"Th1R",827,1,1,1,1,0,0,0,0,0,0,1,1,1,1,1,1,1,0,1,0,1,0,1
"Th1R",828,1,1,1,1,0,0,0,0,0,0,1,1,1,1,1,1,1,0,1,1,1,0,1
"Th1R",829,1,1,1,0,0,0,0,0,0,0,1,1,1,1,1,1,1,0,0,1,1,0,1
"Th1R",830,1,1,1,0,0,0,0,0,0,0,1,1,1,1,1,1,1,0,1,1,1,0,1
"Th1R",831,1,1,1,0,0,0,0,0,0,0,1,1,1,1,1,1,0,0,0,1,1,0,1
"Th1R",832,1,1,1,0,0,0,0,0,0,0,1,1,1,1,1,1,0,0,1,1,1,0,1
"Th1R",833,1,1,1,0,0,0,0,0,0,0,1,1,1,1,1,1,0,1,0,1,1,0,1
"Th1R",834,1,1,1,0,0,0,0,0,0,0,1,1,1,1,1,1,0,1,1,1,1,0,1
"Th1R",835,1,1,1,0,0,0,0,0,0,0,1,1,1,1,1,1,1,1,0,1,1,0,1
"Th1R",836,1,1,1,0,0,0,0,0,0,0,1,1,1,1,1,1,1,1,1,1,1,0,1
"Th1R",837,1,1,1,1,0,0,0,0,0,0,1,0,1,1,1,1,1,1,1,0,1,0,1
"Th1R",838,1,1,1,1,0,0,0,0,0,0,1,0,1,1,1,1,1,1,1,1,1,0,1
"Th1R",839,1,1,1,1,0,0,0,0,0,0,1,0,1,1,1,1,1,1,0,0,1,0,1
"Th1R",840,1,1,1,1,0,0,0,0,0,0,1,0,1,1,1,1,1,1,0,1,1,0,1
"Th1R",841,1,1,1,1,0,0,0,0,0,0,1,0,1,1,1,1,0,1,0,0,1,0,1
"Th1R",842,1,1,1,1,0,0,0,0,0,0,1,0,1,1,1,1,0,1,0,1,1,0,1
"Th1R",843,1,1,1,1,0,0,0,0,0,0,1,0,1,1,1,1,0,1,1,0,1,0,1
"Th1R",844,1,1,1,1,0,0,0,0,0,0,1,0,1,1,1,1,0,1,1,1,1,0,1
"Th1R",845,1,1,1,1,0,0,0,0,0,0,1,1,1,1,1,1,0,1,1,0,1,0,1
"Th1R",846,1,1,1,1,0,0,0,0,0,0,1,1,1,1,1,1,0,1,1,1,1,0,1
"Th1R",847,1,1,1,1,0,0,0,0,0,0,1,1,1,1,1,1,0,1,0,0,1,0,1
"Th1R",848,1,1,1,1,0,0,0,0,0,0,1,1,1,1,1,1,0,1,0,1,1,0,1
"Th1R",849,1,1,1,1,0,0,0,0,0,0,1,1,1,1,1,1,1,1,0,0,1,0,1
"Th1R",850,1,1,1,1,0,0,0,0,0,0,1,1,1,1,1,1,1,1,0,1,1,0,1
"Th1R",851,1,1,1,1,0,0,0,0,0,0,1,1,1,1,1,1,1,1,1,0,1,0,1
"Th1R",852,1,1,1,1,0,0,0,0,0,0,1,1,1,1,1,1,1,1,1,1,1,0,1
"Th1R",853,1,1,1,1,0,0,0,0,0,0,1,1,1,1,1,1,1,1,0,1,1,1,1
"Th1R",854,1,1,1,1,0,0,0,0,0,0,1,1,1,1,1,1,1,1,1,1,1,1,1
"Th1R",855,1,1,1,1,0,0,0,0,0,0,1,1,1,1,1,1,1,1,0,0,1,1,1
"Th1R",856,1,1,1,1,0,0,0,0,0,0,1,1,1,1,1,1,1,1,1,0,1,1,1
"Th1R",857,1,1,1,1,0,0,0,0,0,0,1,1,1,1,1,1,0,0,0,0,1,1,1
"Th1R",858,1,1,1,1,0,0,0,0,0,0,1,1,1,1,1,1,0,0,0,1,1,1,1
"Th1R",859,1,1,1,1,0,0,0,0,0,0,1,1,1,1,1,1,0,0,1,0,1,1,1
"Th1R",860,1,1,1,1,0,0,0,0,0,0,1,1,1,1,1,1,1,0,1,1,1,1,1
"Th1R",861,1,1,1,1,0,0,0,0,0,0,1,1,1,1,1,1,1,0,1,0,1,1,1
"Th1R",862,1,1,1,1,0,0,0,0,0,0,1,1,1,1,1,1,1,0,0,1,1,1,1
"Th1R",863,1,1,1,1,0,0,0,0,0,0,1,1,1,1,1,1,1,0,0,0,1,1,1
"Th1R",864,1,1,1,1,0,0,0,0,0,0,1,1,1,1,1,1,1,1,0,0,0,1,1
"Th1R",865,1,1,1,1,0,0,0,0,0,0,1,1,1,1,1,1,1,1,1,0,0,1,1
"Th1R",866,1,1,1,1,0,0,0,0,0,0,1,1,1,1,1,1,1,0,0,1,0,1,1
"Th1R",867,1,1,1,1,0,0,0,0,0,0,1,1,1,1,1,1,1,0,0,0,0,1,1
"Th1R",868,1,1,1,1,0,0,0,0,0,0,1,1,1,1,1,1,1,0,1,1,0,1,1
"Th1R",869,1,1,1,1,0,0,0,0,0,0,1,1,1,1,1,1,1,0,1,0,0,1,1
"Th1R",870,1,1,1,1,0,0,0,0,0,0,1,0,1,1,1,1,1,0,0,0,0,0,1
"Th1R",871,1,1,1,1,0,0,0,0,0,0,1,0,1,1,1,1,1,0,1,0,0,0,1
"Th1R",872,1,1,1,1,0,0,0,0,0,0,1,0,1,1,1,1,0,0,0,0,0,0,1
"Th1R",873,1,1,1,1,0,0,0,0,0,0,1,0,1,1,1,1,0,0,0,1,0,0,1
"Th1R",874,1,1,1,1,0,0,0,0,0,0,1,0,1,1,1,1,1,0,0,1,0,0,1
"Th1R",875,1,1,1,1,0,0,0,0,0,0,1,0,1,1,1,1,1,0,1,1,0,0,1
"Th1R",876,1,1,1,1,0,0,0,0,0,0,1,0,1,1,1,1,0,0,0,0,1,0,1
"Th1R",877,1,1,1,1,0,0,0,0,0,0,1,0,1,1,1,1,1,0,0,0,1,0,1
"Th1R",878,1,1,1,1,0,0,0,0,0,0,1,0,1,1,1,1,1,0,1,0,1,0,1
"Th1R",879,1,1,1,1,0,0,0,0,0,0,1,0,1,1,1,1,1,0,0,1,1,0,1
"Th1R",880,1,1,1,1,0,0,0,0,0,0,1,0,1,1,1,1,1,0,1,1,1,0,1
"Th1R",881,1,1,1,1,0,0,0,0,0,0,1,0,1,1,1,1,0,0,0,1,1,0,1
"Th1",882,1,1,1,1,0,0,0,0,0,0,0,0,1,1,1,1,0,0,0,0,0,0,1
"Th1",883,1,1,1,1,0,0,0,0,0,0,0,0,1,1,1,1,0,0,0,1,0,0,1
"Th1",884,1,1,1,1,0,1,0,0,0,0,0,0,1,1,1,1,0,1,0,1,0,0,1
"Th1",885,1,1,1,1,0,1,0,0,0,0,0,0,1,1,1,1,0,0,0,1,0,0,1
"Th1",886,1,1,1,1,0,1,0,0,0,0,0,0,1,1,1,1,0,1,0,0,0,0,1
"Th1",887,1,1,1,1,0,1,0,0,0,0,0,0,1,1,1,1,0,0,0,0,0,0,1
"Th1",888,1,1,1,1,0,1,0,0,0,0,0,0,1,1,1,1,1,1,0,0,0,0,1
"Th1",889,1,1,1,1,0,1,0,0,0,0,0,0,1,1,1,1,1,0,0,0,0,0,1
"Th1",890,1,1,1,1,0,1,0,0,0,0,0,0,1,1,1,1,1,1,1,0,0,0,1
"Th1",891,1,1,1,1,0,1,0,0,0,0,0,0,1,1,1,1,1,0,1,0,0,0,1
"Th1",892,1,1,1,1,0,1,0,0,0,0,0,0,1,1,1,1,1,1,1,1,0,0,1
"Th1",893,1,1,1,1,0,1,0,0,0,0,0,0,1,1,1,1,1,0,1,1,0,0,1
"Th1",894,1,1,1,1,0,1,0,0,0,0,0,0,1,1,1,1,1,1,0,1,0,0,1
"Th1",895,1,1,1,1,0,1,0,0,0,0,0,0,1,1,1,1,1,0,0,1,0,0,1
"Th1",896,1,1,1,1,0,0,0,0,0,0,0,0,1,1,1,1,1,1,0,1,0,0,1
"Th1",897,1,1,1,1,0,0,0,0,0,0,0,0,1,1,1,1,1,0,0,1,0,0,1
"Th1",898,1,1,1,1,0,0,0,0,0,0,0,0,1,1,1,1,1,1,1,1,0,0,1
"Th1",899,1,1,1,1,0,0,0,0,0,0,0,0,1,1,1,1,1,0,1,1,0,0,1
"Th1",900,1,1,1,1,0,0,0,0,0,0,0,0,1,1,1,1,1,1,1,0,0,0,1
"Th1",901,1,1,1,1,0,0,0,0,0,0,0,0,1,1,1,1,1,0,1,0,0,0,1
"Th1",902,1,1,1,1,0,0,0,0,0,0,0,0,1,1,1,1,1,1,0,0,0,0,1
"Th1",903,1,1,1,1,0,0,0,0,0,0,0,0,1,1,1,1,1,0,0,0,0,0,1
"Th1R",904,1,1,1,1,0,0,0,0,0,0,0,1,1,1,1,1,1,1,0,0,0,1,1
"Th1R",905,1,1,1,1,0,0,0,0,0,0,0,1,1,1,1,1,1,0,0,0,0,1,1
"Th1R",906,1,1,1,1,0,0,0,0,0,0,0,1,1,1,1,1,1,1,1,0,0,1,1
"Th1R",907,1,1,1,1,0,0,0,0,0,0,0,1,1,1,1,1,1,0,1,0,0,1,1
"Th1R",908,1,1,1,1,0,0,0,0,0,0,0,1,1,1,1,1,1,1,1,1,0,1,1
"Th1R",909,1,1,1,1,0,0,0,0,0,0,0,1,1,1,1,1,1,0,1,1,0,1,1
"Th1R",910,1,1,1,1,0,0,0,0,0,0,0,1,1,1,1,1,1,1,0,1,0,1,1
"Th1R",911,1,1,1,1,0,0,0,0,0,0,0,1,1,1,1,1,1,0,0,1,0,1,1
"Th1R",912,1,1,1,1,0,0,0,0,0,0,0,1,1,1,1,1,0,1,0,1,0,0,1
"Th1R",913,1,1,1,1,0,0,0,0,0,0,0,1,1,1,1,1,0,0,0,1,0,0,1
"Th1R",914,1,1,1,1,0,0,0,0,0,0,0,1,1,1,1,1,1,1,1,1,0,0,1
"Th1R",915,1,1,1,1,0,0,0,0,0,0,0,1,1,1,1,1,1,0,1,1,0,0,1
"Th1R",916,1,1,1,1,0,0,0,0,0,0,0,1,1,1,1,1,1,0,1,0,0,0,1
"Th1R",917,1,1,1,1,0,0,0,0,0,0,0,1,1,1,1,1,1,1,1,0,0,0,1
"Th1R",918,1,1,1,1,0,0,0,0,0,0,0,1,1,1,1,1,1,0,0,0,0,0,1
"Th1R",919,1,1,1,1,0,0,0,0,0,0,0,1,1,1,1,1,1,1,0,0,0,0,1
"Th1R",920,1,1,1,1,0,0,0,0,0,0,0,1,1,1,1,1,1,0,0,1,0,0,1
"Th1R",921,1,1,1,1,0,0,0,0,0,0,0,1,1,1,1,1,1,1,0,1,0,0,1
"Th1R",922,1,1,1,1,0,1,0,0,0,0,0,1,1,1,1,1,1,1,0,1,0,1,1
"Th1R",923,1,1,1,1,0,1,0,0,0,0,0,1,1,1,1,1,1,1,0,1,0,0,1
"Th1R",924,1,1,1,1,0,1,0,0,0,0,0,1,1,1,1,1,1,0,0,1,0,1,1
"Th1R",925,1,1,1,1,0,1,0,0,0,0,0,1,1,1,1,1,1,0,0,1,0,0,1
"Th1R",926,1,1,1,1,0,1,0,0,0,0,0,1,1,1,1,1,0,0,0,1,0,1,1
"Th1R",927,1,1,1,1,0,1,0,0,0,0,0,1,1,1,1,1,0,0,0,1,0,0,1
"Th1R",928,1,1,1,1,0,1,0,0,0,0,0,1,1,1,1,1,0,1,0,1,0,1,1
"Th1R",929,1,1,1,1,0,1,0,0,0,0,0,1,1,1,1,1,0,1,0,1,0,0,1
"Th1R",930,1,1,1,1,0,1,0,0,0,1,1,1,1,1,1,1,0,1,0,1,1,0,1
"Th1R",931,1,1,1,1,0,1,0,0,0,1,1,1,1,1,1,1,0,1,0,1,0,0,1
"Th1R",932,1,1,1,1,0,1,0,0,0,1,1,1,1,1,1,1,0,1,0,1,1,1,1
"Th1R",933,1,1,1,1,0,1,0,0,0,1,1,1,1,1,1,1,0,1,0,1,0,1,1
"Th1R",934,1,1,1,1,0,1,0,0,0,1,1,1,1,1,1,1,1,1,0,1,1,1,1
"Th1R",935,1,1,1,1,0,1,0,0,0,1,1,1,1,1,1,1,1,1,0,1,0,1,1
"Th1R",936,1,1,1,1,0,1,0,0,0,1,1,1,1,1,1,1,1,1,0,1,1,0,1
"Th1R",937,1,1,1,1,0,1,0,0,0,1,1,1,1,1,1,1,1,1,0,1,0,0,1
"Th1R",938,1,1,1,1,0,1,0,0,0,1,1,1,1,1,1,1,1,1,1,1,1,0,1
"Th1R",939,1,1,1,1,0,1,0,0,0,1,1,1,1,1,1,1,1,1,1,1,0,0,1
"Th1R",940,1,1,1,1,0,1,0,0,0,1,1,1,1,1,1,1,1,1,1,1,1,1,1
"Th1R",941,1,1,1,1,0,1,0,0,0,1,1,1,1,1,1,1,1,1,1,1,0,1,1
"Treg",942,1,1,0,1,0,1,1,0,0,1,1,1,1,1,1,1,0,1,1,0,1,1,1
"Treg",943,1,1,0,1,0,1,1,0,0,1,1,1,1,1,1,1,0,1,1,0,0,1,1
"Treg",944,1,1,0,1,0,1,1,0,0,1,1,1,1,1,1,1,0,1,1,0,1,0,1
"Treg",945,1,1,0,1,0,1,1,0,0,1,1,1,1,1,1,1,0,1,1,0,0,0,1
"Treg",946,1,1,0,1,0,1,1,0,0,1,1,0,1,1,1,1,0,1,1,0,1,0,1
"Treg",947,1,1,0,1,0,1,1,0,0,1,1,0,1,1,1,1,0,1,1,0,0,0,1
"Treg",948,1,1,0,1,0,1,1,0,0,1,1,1,1,1,1,1,0,1,1,1,1,1,1
"Treg",949,1,1,0,1,0,1,1,0,0,1,1,1,1,1,1,1,0,1,1,1,0,1,1
"Treg",950,1,1,0,1,0,1,1,0,0,1,1,1,1,1,1,1,0,1,1,1,1,0,1
"Treg",951,1,1,0,1,0,1,1,0,0,1,1,1,1,1,1,1,0,1,1,1,0,0,1
"Treg",952,1,1,0,1,0,1,1,0,0,1,1,0,1,1,1,1,0,1,1,1,1,0,1
"Treg",953,1,1,0,1,0,1,1,0,0,1,1,0,1,1,1,1,0,1,1,1,0,0,1
"Tr",954,1,1,0,1,0,1,1,0,0,0,0,1,1,1,1,0,0,0,1,0,0,1,1
"Tr",955,1,1,0,1,0,1,1,0,0,0,0,1,1,1,1,0,0,0,1,0,0,0,1
"Tr",956,1,1,0,1,0,1,1,0,0,0,0,1,1,1,1,0,0,1,1,0,0,1,1
"Tr",957,1,1,0,1,0,1,1,0,0,0,0,1,1,1,1,0,0,1,1,0,0,0,1
"Tex",958,1,1,0,1,0,1,1,0,0,0,0,0,1,1,1,0,0,0,1,0,0,0,1
"Tex",959,1,1,0,1,0,1,1,0,0,0,0,0,1,1,1,0,0,1,1,0,0,0,1
"Tex",960,1,1,0,1,0,1,1,0,0,0,0,0,1,1,1,0,0,0,1,1,0,0,1
"Tex",961,1,1,0,1,0,1,1,0,0,0,0,0,1,1,1,0,0,1,1,1,0,0,1
"Tr",962,1,1,0,1,0,1,1,0,0,0,0,1,1,1,1,0,0,1,1,1,0,0,1
"Tr",963,1,1,0,1,0,1,1,0,0,0,0,1,1,1,1,0,0,1,1,1,0,1,1
"Tr",964,1,1,0,1,0,1,1,0,0,0,0,1,1,1,1,0,0,0,1,1,0,0,1
"Tr",965,1,1,0,1,0,1,1,0,0,0,0,1,1,1,1,0,0,0,1,1,0,1,1
"Tex",966,1,1,0,1,0,1,1,0,0,0,0,0,1,1,1,1,0,0,1,0,0,0,1
"Tr",967,1,1,0,1,0,1,1,0,0,0,0,1,1,1,1,1,0,0,1,0,0,1,1
"Tr",968,1,1,0,1,0,1,1,0,0,0,0,1,1,1,1,1,0,0,1,0,0,0,1
"Tr",969,1,1,0,1,0,1,1,0,0,0,0,1,1,1,1,1,0,0,1,1,0,1,1
"Tr",970,1,1,0,1,0,1,1,0,0,0,0,1,1,1,1,1,0,0,1,1,0,0,1
"Tex",971,1,1,0,1,0,1,1,0,0,0,0,0,1,1,1,1,0,0,1,1,0,0,1
"Tr",972,1,1,0,1,0,1,1,0,0,0,0,1,1,1,1,1,0,1,1,0,0,1,1
"Tr",973,1,1,0,1,0,1,1,0,0,0,0,1,1,1,1,1,0,1,1,0,0,0,1
"Tex",974,1,1,0,1,0,1,1,0,0,0,0,0,1,1,1,1,0,1,1,0,0,0,1
"Tex",975,1,1,0,1,0,1,1,0,0,0,0,0,1,1,1,1,0,1,1,1,0,0,1
"Tr",976,1,1,0,1,0,1,1,0,0,0,0,1,1,1,1,1,0,1,1,1,0,0,1
"Tr",977,1,1,0,1,0,1,1,0,0,0,0,1,1,1,1,1,0,1,1,1,0,1,1
"Tr",978,1,1,0,0,0,0,1,0,0,0,0,1,0,1,1,1,0,1,1,0,0,1,1
"Tr",979,1,1,0,0,0,0,1,0,0,0,0,1,0,1,1,1,0,0,1,0,0,1,1
"Tr",980,1,1,0,0,0,0,1,0,0,0,0,1,0,1,1,0,0,1,1,0,0,1,1
"Tr",981,1,1,0,0,0,0,1,0,0,0,0,1,0,1,1,0,0,0,1,0,0,1,1
"Tr",982,1,1,0,0,0,0,0,0,0,0,1,1,0,1,1,0,0,0,0,0,0,0,1
"Tr",983,1,1,0,0,0,0,0,0,0,0,1,1,0,1,1,0,0,0,0,0,0,1,1
"Tr",984,1,1,0,0,0,0,0,0,0,0,1,1,0,1,1,0,0,0,0,0,1,0,1
"Tr",985,1,1,0,0,0,0,0,0,0,0,1,1,0,1,1,0,0,0,0,0,1,1,1
"Tr",986,1,1,0,0,0,0,0,0,0,0,1,1,0,1,1,0,0,1,0,0,1,0,1
"Tr",987,1,1,0,0,0,0,0,0,0,0,1,1,0,1,1,0,0,1,0,0,1,1,1
"Tr",988,1,1,0,0,0,0,0,0,0,0,1,1,0,1,1,0,0,1,0,0,0,0,1
"Tr",989,1,1,0,0,0,0,0,0,0,0,1,1,0,1,1,0,0,1,0,0,0,1,1
"Tr",990,1,1,0,0,0,0,0,0,0,0,1,1,0,1,1,0,1,1,0,0,0,0,1
"Tr",991,1,1,0,0,0,0,0,0,0,0,1,1,0,1,1,0,1,1,0,0,0,1,1
"Tr",992,1,1,0,0,0,0,0,0,0,0,1,1,0,1,1,0,1,1,0,0,1,0,1
"Tr",993,1,1,0,0,0,0,0,0,0,0,1,1,0,1,1,0,1,1,0,0,1,1,1
"Tr",994,1,1,0,0,0,0,0,0,0,0,1,1,0,1,1,0,1,1,1,0,1,0,1
"Tr",995,1,1,0,0,0,0,0,0,0,0,1,1,0,1,1,0,1,1,1,0,1,1,1
"Tr",996,1,1,0,0,0,0,0,0,0,0,1,1,0,1,1,0,1,1,1,0,0,0,1
"Tr",997,1,1,0,0,0,0,0,0,0,0,1,1,0,1,1,0,1,1,1,0,0,1,1
"Tr",998,1,1,0,0,0,0,0,0,0,0,1,1,0,1,1,0,1,0,1,0,0,0,1
"Tr",999,1,1,0,0,0,0,0,0,0,0,1,1,0,1,1,0,1,0,1,0,0,1,1
"Tr",1000,1,1,0,0,0,0,0,0,0,0,1,1,0,1,1,0,1,0,1,0,1,0,1
"Tr",1001,1,1,0,0,0,0,0,0,0,0,1,1,0,1,1,0,1,0,1,0,1,1,1
"Tr",1002,1,1,0,0,0,0,0,0,0,0,1,1,0,1,1,0,1,0,0,0,1,0,1
"Tr",1003,1,1,0,0,0,0,0,0,0,0,1,1,0,1,1,0,1,0,0,0,1,1,1
"Tr",1004,1,1,0,0,0,0,0,0,0,0,1,1,0,1,1,0,1,0,0,0,0,0,1
"Tr",1005,1,1,0,0,0,0,0,0,0,0,1,1,0,1,1,0,1,0,0,0,0,1,1
"Tr",1006,1,1,0,0,0,0,0,0,0,0,1,1,0,1,1,1,1,0,0,0,0,0,1
"Tr",1007,1,1,0,0,0,0,0,0,0,0,1,1,0,1,1,1,1,0,0,0,0,1,1
"Tr",1008,1,1,0,0,0,0,0,0,0,0,1,1,0,1,1,1,1,0,0,0,1,0,1
"Tr",1009,1,1,0,0,0,0,0,0,0,0,1,1,0,1,1,1,1,0,0,0,1,1,1
"Tr",1010,1,1,0,0,0,0,0,0,0,0,1,1,0,1,1,1,1,0,1,0,1,0,1
"Tr",1011,1,1,0,0,0,0,0,0,0,0,1,1,0,1,1,1,1,0,1,0,1,1,1
"Tr",1012,1,1,0,0,0,0,0,0,0,0,1,1,0,1,1,1,1,0,1,0,0,0,1
"Tr",1013,1,1,0,0,0,0,0,0,0,0,1,1,0,1,1,1,1,0,1,0,0,1,1
"Tr",1014,1,1,0,0,0,0,0,0,0,0,1,1,0,1,1,1,1,1,1,0,0,0,1
"Tr",1015,1,1,0,0,0,0,0,0,0,0,1,1,0,1,1,1,1,1,1,0,0,1,1
"Tr",1016,1,1,0,0,0,0,0,0,0,0,1,1,0,1,1,1,1,1,1,0,1,0,1
"Tr",1017,1,1,0,0,0,0,0,0,0,0,1,1,0,1,1,1,1,1,1,0,1,1,1
"Tr",1018,1,1,0,0,0,0,0,0,0,0,1,1,0,1,1,1,1,1,0,0,1,0,1
"Tr",1019,1,1,0,0,0,0,0,0,0,0,1,1,0,1,1,1,1,1,0,0,1,1,1
"Tr",1020,1,1,0,0,0,0,0,0,0,0,1,1,0,1,1,1,1,1,0,0,0,0,1
"Tr",1021,1,1,0,0,0,0,0,0,0,0,1,1,0,1,1,1,1,1,0,0,0,1,1
"Tr",1022,1,1,0,0,0,0,0,0,0,0,1,1,0,1,1,1,0,1,0,0,0,0,1
"Tr",1023,1,1,0,0,0,0,0,0,0,0,1,1,0,1,1,1,0,1,0,0,0,1,1
"Tr",1024,1,1,0,0,0,0,0,0,0,0,1,1,0,1,1,1,0,1,0,0,1,0,1
"Tr",1025,1,1,0,0,0,0,0,0,0,0,1,1,0,1,1,1,0,1,0,0,1,1,1
"Tr",1026,1,1,0,0,0,0,0,0,0,0,1,1,0,1,1,1,0,0,0,0,1,0,1
"Tr",1027,1,1,0,0,0,0,0,0,0,0,1,1,0,1,1,1,0,0,0,0,1,1,1
"Tr",1028,1,1,0,0,0,0,0,0,0,0,1,1,0,1,1,1,0,0,0,0,0,0,1
"Tr",1029,1,1,0,0,0,0,0,0,0,0,1,1,0,1,1,1,0,0,0,0,0,1,1
"Tr",1030,1,1,0,0,0,0,0,0,0,0,1,1,1,1,1,1,0,0,0,1,0,0,1
"Tr",1031,1,1,0,0,0,0,0,0,0,0,1,1,1,1,1,1,0,0,0,1,0,1,1
"Tr",1032,1,1,0,0,0,0,0,0,0,0,1,1,1,1,1,1,0,0,0,1,1,0,1
"Tr",1033,1,1,0,0,0,0,0,0,0,0,1,1,1,1,1,1,0,0,0,1,1,1,1
"Tr",1034,1,1,0,0,0,0,0,0,0,0,1,1,1,1,1,1,0,0,1,1,1,0,1
"Tr",1035,1,1,0,0,0,0,0,0,0,0,1,1,1,1,1,1,0,0,1,1,1,1,1
"Tr",1036,1,1,0,0,0,0,0,0,0,0,1,1,1,1,1,1,0,0,1,1,0,0,1
"Tr",1037,1,1,0,0,0,0,0,0,0,0,1,1,1,1,1,1,0,0,1,1,0,1,1
"Tr",1038,1,1,0,0,0,0,0,0,0,0,1,1,1,1,1,1,0,1,1,1,0,0,1
"Tr",1039,1,1,0,0,0,0,0,0,0,0,1,1,1,1,1,1,0,1,1,1,0,1,1
"Tr",1040,1,1,0,0,0,0,0,0,0,0,1,1,1,1,1,1,0,1,1,1,1,0,1
"Tr",1041,1,1,0,0,0,0,0,0,0,0,1,1,1,1,1,1,0,1,1,1,1,1,1
"Tr",1042,1,1,0,0,0,0,0,0,0,0,1,1,1,1,1,1,0,1,0,1,1,0,1
"Tr",1043,1,1,0,0,0,0,0,0,0,0,1,1,1,1,1,1,0,1,0,1,1,1,1
"Tr",1044,1,1,0,0,0,0,0,0,0,0,1,1,1,1,1,1,0,1,0,1,0,0,1
"Tr",1045,1,1,0,0,0,0,0,0,0,0,1,1,1,1,1,1,0,1,0,1,0,1,1
"Tr",1046,1,1,0,0,0,0,0,0,0,0,1,1,1,1,1,1,1,1,0,1,0,0,1
"Tr",1047,1,1,0,0,0,0,0,0,0,0,1,1,1,1,1,1,1,1,0,1,0,1,1
"Tr",1048,1,1,0,0,0,0,0,0,0,0,1,1,1,1,1,1,1,1,0,1,1,0,1
"Tr",1049,1,1,0,0,0,0,0,0,0,0,1,1,1,1,1,1,1,1,0,1,1,1,1
"Tr",1050,1,1,0,0,0,0,0,0,0,0,1,1,1,1,1,1,1,1,1,1,1,0,1
"Tr",1051,1,1,0,0,0,0,0,0,0,0,1,1,1,1,1,1,1,1,1,1,1,1,1
"Tr",1052,1,1,0,0,0,0,0,0,0,0,1,1,1,1,1,1,1,1,1,1,0,0,1
"Tr",1053,1,1,0,0,0,0,0,0,0,0,1,1,1,1,1,1,1,1,1,1,0,1,1
"Tr",1054,1,1,0,0,0,0,0,0,0,0,1,1,1,1,1,1,1,0,1,1,0,0,1
"Tr",1055,1,1,0,0,0,0,0,0,0,0,1,1,1,1,1,1,1,0,1,1,0,1,1
"Tr",1056,1,1,0,0,0,0,0,0,0,0,1,1,1,1,1,1,1,0,1,1,1,0,1
"Tr",1057,1,1,0,0,0,0,0,0,0,0,1,1,1,1,1,1,1,0,1,1,1,1,1
"Tr",1058,1,1,0,0,0,0,0,0,0,0,1,1,1,1,1,1,1,0,0,1,1,0,1
"Tr",1059,1,1,0,0,0,0,0,0,0,0,1,1,1,1,1,1,1,0,0,1,1,1,1
"Tr",1060,1,1,0,0,0,0,0,0,0,0,1,1,1,1,1,1,1,0,0,1,0,0,1
"Tr",1061,1,1,0,0,0,0,0,0,0,0,1,1,1,1,1,1,1,0,0,1,0,1,1
"Tr",1062,1,1,0,0,0,0,0,0,0,0,1,1,1,1,1,0,1,0,0,1,0,0,1
"Tr",1063,1,1,0,0,0,0,0,0,0,0,1,1,1,1,1,0,1,0,0,1,0,1,1
"Tr",1064,1,1,0,0,0,0,0,0,0,0,1,1,1,1,1,0,1,0,0,1,1,0,1
"Tr",1065,1,1,0,0,0,0,0,0,0,0,1,1,1,1,1,0,1,0,0,1,1,1,1
"Tr",1066,1,1,0,0,0,0,0,0,0,0,1,1,1,1,1,0,1,0,1,1,1,0,1
"Tr",1067,1,1,0,0,0,0,0,0,0,0,1,1,1,1,1,0,1,0,1,1,1,1,1
"Tr",1068,1,1,0,0,0,0,0,0,0,0,1,1,1,1,1,0,1,0,1,1,0,0,1
"Tr",1069,1,1,0,0,0,0,0,0,0,0,1,1,1,1,1,0,1,0,1,1,0,1,1
"Tr",1070,1,1,0,0,0,0,0,0,0,0,1,1,1,1,1,0,1,1,1,1,0,0,1
"Tr",1071,1,1,0,0,0,0,0,0,0,0,1,1,1,1,1,0,1,1,1,1,0,1,1
"Tr",1072,1,1,0,0,0,0,0,0,0,0,1,1,1,1,1,0,1,1,1,1,1,0,1
"Tr",1073,1,1,0,0,0,0,0,0,0,0,1,1,1,1,1,0,1,1,1,1,1,1,1
"Tr",1074,1,1,0,0,0,0,0,0,0,0,1,1,1,1,1,0,1,1,0,1,1,0,1
"Tr",1075,1,1,0,0,0,0,0,0,0,0,1,1,1,1,1,0,1,1,0,1,1,1,1
"Tr",1076,1,1,0,0,0,0,0,0,0,0,1,1,1,1,1,0,1,1,0,1,0,0,1
"Tr",1077,1,1,0,0,0,0,0,0,0,0,1,1,1,1,1,0,1,1,0,1,0,1,1
"Tr",1078,1,1,0,0,0,0,0,0,0,0,1,1,1,1,1,0,0,1,0,1,0,0,1
"Tr",1079,1,1,0,0,0,0,0,0,0,0,1,1,1,1,1,0,0,1,0,1,0,1,1
"Tr",1080,1,1,0,0,0,0,0,0,0,0,1,1,1,1,1,0,0,1,0,1,1,0,1
"Tr",1081,1,1,0,0,0,0,0,0,0,0,1,1,1,1,1,0,0,1,0,1,1,1,1
"Tr",1082,1,1,0,0,0,0,0,0,0,0,1,1,1,1,1,0,0,1,1,1,1,0,1
"Tr",1083,1,1,0,0,0,0,0,0,0,0,1,1,1,1,1,0,0,1,1,1,1,1,1
"Tr",1084,1,1,0,0,0,0,0,0,0,0,1,1,1,1,1,0,0,1,1,1,0,0,1
"Tr",1085,1,1,0,0,0,0,0,0,0,0,1,1,1,1,1,0,0,1,1,1,0,1,1
"Tr",1086,1,1,0,0,0,0,0,0,0,0,1,1,1,1,1,0,0,0,1,1,0,0,1
"Tr",1087,1,1,0,0,0,0,0,0,0,0,1,1,1,1,1,0,0,0,1,1,0,1,1
"Tr",1088,1,1,0,0,0,0,0,0,0,0,1,1,1,1,1,0,0,0,1,1,1,0,1
"Tr",1089,1,1,0,0,0,0,0,0,0,0,1,1,1,1,1,0,0,0,1,1,1,1,1
"Tr",1090,1,1,0,0,0,0,0,0,0,0,1,1,1,1,1,0,0,0,0,1,1,0,1
"Tr",1091,1,1,0,0,0,0,0,0,0,0,1,1,1,1,1,0,0,0,0,1,1,1,1
"Tr",1092,1,1,0,0,0,0,0,0,0,0,1,1,1,1,1,0,0,0,0,1,0,0,1
"Tr",1093,1,1,0,0,0,0,0,0,0,0,1,1,1,1,1,0,0,0,0,1,0,1,1
"Tr",1094,1,1,0,0,0,0,0,0,0,0,0,1,1,1,1,0,0,0,1,1,0,1,1
"Tr",1095,1,1,0,0,0,0,0,0,0,0,0,1,1,1,1,0,0,0,0,1,0,1,1
"Tr",1096,1,1,0,0,0,0,0,0,0,0,0,1,1,1,1,0,0,1,1,1,0,1,1
"Tr",1097,1,1,0,0,0,0,0,0,0,0,0,1,1,1,1,0,0,1,0,1,0,1,1
"Tr",1098,1,1,0,0,0,0,0,0,0,0,0,1,1,1,1,0,1,1,1,1,0,1,1
"Tr",1099,1,1,0,0,0,0,0,0,0,0,0,1,1,1,1,0,1,1,0,1,0,1,1
"Tr",1100,1,1,0,0,0,0,0,0,0,0,0,1,1,1,1,0,1,0,1,1,0,1,1
"Tr",1101,1,1,0,0,0,0,0,0,0,0,0,1,1,1,1,0,1,0,0,1,0,1,1
"Tr",1102,1,1,0,0,0,0,0,0,0,0,0,1,1,1,1,1,1,0,1,1,0,1,1
"Tr",1103,1,1,0,0,0,0,0,0,0,0,0,1,1,1,1,1,1,0,0,1,0,1,1
"Tr",1104,1,1,0,0,0,0,0,0,0,0,0,1,1,1,1,1,1,1,1,1,0,1,1
"Tr",1105,1,1,0,0,0,0,0,0,0,0,0,1,1,1,1,1,1,1,0,1,0,1,1
"Tr",1106,1,1,0,0,0,0,0,0,0,0,0,1,1,1,1,1,0,1,1,1,0,1,1
"Tr",1107,1,1,0,0,0,0,0,0,0,0,0,1,1,1,1,1,0,1,0,1,0,1,1
"Tr",1108,1,1,0,0,0,0,0,0,0,0,0,1,1,1,1,1,0,0,1,1,0,1,1
"Tr",1109,1,1,0,0,0,0,0,0,0,0,0,1,1,1,1,1,0,0,0,1,0,1,1
"Tr",1110,1,1,0,0,0,0,0,0,0,0,0,1,0,1,1,1,0,1,0,0,0,1,1
"Tr",1111,1,1,0,0,0,0,0,0,0,0,0,1,0,1,1,1,0,0,0,0,0,1,1
"Tr",1112,1,1,0,0,0,0,0,0,0,0,0,1,0,1,1,1,1,0,1,0,0,1,1
"Tr",1113,1,1,0,0,0,0,0,0,0,0,0,1,0,1,1,1,1,0,0,0,0,1,1
"Tr",1114,1,1,0,0,0,0,0,0,0,0,0,1,0,1,1,1,1,1,1,0,0,1,1
"Tr",1115,1,1,0,0,0,0,0,0,0,0,0,1,0,1,1,1,1,1,0,0,0,1,1
"Tr",1116,1,1,0,0,0,0,0,0,0,0,0,1,0,1,1,0,1,1,1,0,0,1,1
"Tr",1117,1,1,0,0,0,0,0,0,0,0,0,1,0,1,1,0,1,1,0,0,0,1,1
"Tr",1118,1,1,0,0,0,0,0,0,0,0,0,1,0,1,1,0,1,0,1,0,0,1,1
"Tr",1119,1,1,0,0,0,0,0,0,0,0,0,1,0,1,1,0,1,0,0,0,0,1,1
"Tr",1120,1,1,0,0,0,0,0,0,0,0,0,1,0,1,1,0,0,1,0,0,0,1,1
"Tr",1121,1,1,0,0,0,0,0,0,0,0,0,1,0,1,1,0,0,0,0,0,0,1,1
"Naive",1122,1,1,0,0,0,0,0,0,0,0,0,0,0,0,0,0,0,0,0,0,0,1,0
"Tex",1123,1,1,0,0,0,0,0,0,0,0,0,0,0,0,0,0,0,0,0,0,0,0,1
"Naive",1124,1,1,0,0,0,0,0,0,0,0,0,0,0,0,0,0,0,0,0,0,0,0,0
"Naive",1125,1,1,0,0,0,0,0,0,0,0,0,0,0,0,0,0,0,0,0,0,1,1,0
"Naive",1126,1,1,0,0,0,0,0,0,0,0,0,0,0,0,0,0,0,0,0,0,1,0,0
"Naive",1127,1,1,0,0,0,0,0,0,0,0,0,0,0,0,0,0,0,0,1,0,1,1,0
"Naive",1128,1,1,0,0,0,0,0,0,0,0,0,0,0,0,0,0,0,0,1,0,1,0,0
"Naive",1129,1,1,0,0,0,0,0,0,0,0,0,0,0,0,0,0,0,0,1,0,0,1,0
"Naive",1130,1,1,0,0,0,0,0,0,0,0,0,0,0,0,0,0,0,0,1,0,0,0,0
"Naive",1131,1,1,0,0,0,0,0,0,0,0,0,0,0,0,0,0,0,1,1,0,0,1,0
"Naive",1132,1,1,0,0,0,0,0,0,0,0,0,0,0,0,0,0,0,1,1,0,0,0,0
"Naive",1133,1,1,0,0,0,0,0,0,0,0,0,0,0,0,0,0,0,1,1,0,1,1,0
"Naive",1134,1,1,0,0,0,0,0,0,0,0,0,0,0,0,0,0,0,1,1,0,1,0,0
"Naive",1135,1,1,0,0,0,0,0,0,0,0,0,0,0,0,0,0,0,1,0,0,1,1,0
"Naive",1136,1,1,0,0,0,0,0,0,0,0,0,0,0,0,0,0,0,1,0,0,1,0,0
"Naive",1137,1,1,0,0,0,0,0,0,0,0,0,0,0,0,0,0,0,1,0,0,0,1,0
"Naive",1138,1,1,0,0,0,0,0,0,0,0,0,0,0,0,0,0,0,1,0,0,0,0,0
"Naive",1139,1,1,0,0,0,0,0,0,0,0,0,0,0,0,0,0,1,1,0,0,0,1,0
"Naive",1140,1,1,0,0,0,0,0,0,0,0,0,0,0,0,0,0,1,1,0,0,0,0,0
"Naive",1141,1,1,0,0,0,0,0,0,0,0,0,0,0,0,0,0,1,1,0,0,1,1,0
"Naive",1142,1,1,0,0,0,0,0,0,0,0,0,0,0,0,0,0,1,1,0,0,1,0,0
"Naive",1143,1,1,0,0,0,0,0,0,0,0,0,0,0,0,0,0,1,1,1,0,1,1,0
"Naive",1144,1,1,0,0,0,0,0,0,0,0,0,0,0,0,0,0,1,1,1,0,1,0,0
"Naive",1145,1,1,0,0,0,0,0,0,0,0,0,0,0,0,0,0,1,1,1,0,0,1,0
"Naive",1146,1,1,0,0,0,0,0,0,0,0,0,0,0,0,0,0,1,1,1,0,0,0,0
"Naive",1147,1,1,0,0,0,0,0,0,0,0,0,0,0,0,0,0,1,0,1,0,0,1,0
"Naive",1148,1,1,0,0,0,0,0,0,0,0,0,0,0,0,0,0,1,0,1,0,0,0,0
"Naive",1149,1,1,0,0,0,0,0,0,0,0,0,0,0,0,0,0,1,0,1,0,1,1,0
"Naive",1150,1,1,0,0,0,0,0,0,0,0,0,0,0,0,0,0,1,0,1,0,1,0,0
"Naive",1151,1,1,0,0,0,0,0,0,0,0,0,0,0,0,0,0,1,0,0,0,1,1,0
"Naive",1152,1,1,0,0,0,0,0,0,0,0,0,0,0,0,0,0,1,0,0,0,1,0,0
"Naive",1153,1,1,0,0,0,0,0,0,0,0,0,0,0,0,0,0,1,0,0,0,0,1,0
"Naive",1154,1,1,0,0,0,0,0,0,0,0,0,0,0,0,0,0,1,0,0,0,0,0,0
"Naive",1155,1,1,0,0,0,0,0,0,0,0,0,0,0,0,0,1,1,0,0,0,0,1,0
"Naive",1156,1,1,0,0,0,0,0,0,0,0,0,0,0,0,0,1,1,0,0,0,0,0,0
"Naive",1157,1,1,0,0,0,0,0,0,0,0,0,0,0,0,0,1,1,0,0,0,1,1,0
"Naive",1158,1,1,0,0,0,0,0,0,0,0,0,0,0,0,0,1,1,0,0,0,1,0,0
"Naive",1159,1,1,0,0,0,0,0,0,0,0,0,0,0,0,0,1,1,0,1,0,1,1,0
"Naive",1160,1,1,0,0,0,0,0,0,0,0,0,0,0,0,0,1,1,0,1,0,1,0,0
"Naive",1161,1,1,0,0,0,0,0,0,0,0,0,0,0,0,0,1,1,0,1,0,0,1,0
"Naive",1162,1,1,0,0,0,0,0,0,0,0,0,0,0,0,0,1,1,0,1,0,0,0,0
"Naive",1163,1,1,0,0,0,0,0,0,0,0,0,0,0,0,0,1,1,1,1,0,0,1,0
"Naive",1164,1,1,0,0,0,0,0,0,0,0,0,0,0,0,0,1,1,1,1,0,0,0,0
"Naive",1165,1,1,0,0,0,0,0,0,0,0,0,0,0,0,0,1,1,1,1,0,1,1,0
"Naive",1166,1,1,0,0,0,0,0,0,0,0,0,0,0,0,0,1,1,1,1,0,1,0,0
"Naive",1167,1,1,0,0,0,0,0,0,0,0,0,0,0,0,0,1,1,1,0,0,1,1,0
"Naive",1168,1,1,0,0,0,0,0,0,0,0,0,0,0,0,0,1,1,1,0,0,1,0,0
"Naive",1169,1,1,0,0,0,0,0,0,0,0,0,0,0,0,0,1,1,1,0,0,0,1,0
"Naive",1170,1,1,0,0,0,0,0,0,0,0,0,0,0,0,0,1,1,1,0,0,0,0,0
"Naive",1171,1,1,0,0,0,0,0,0,0,0,0,0,0,0,0,1,0,1,0,0,0,1,0
"Naive",1172,1,1,0,0,0,0,0,0,0,0,0,0,0,0,0,1,0,1,0,0,0,0,0
"Naive",1173,1,1,0,0,0,0,0,0,0,0,0,0,0,0,0,1,0,1,0,0,1,1,0
"Naive",1174,1,1,0,0,0,0,0,0,0,0,0,0,0,0,0,1,0,1,0,0,1,0,0
"Naive",1175,1,1,0,0,0,0,0,0,0,0,0,0,0,0,0,1,0,1,1,0,1,1,0
"Naive",1176,1,1,0,0,0,0,0,0,0,0,0,0,0,0,0,1,0,1,1,0,1,0,0
"Naive",1177,1,1,0,0,0,0,0,0,0,0,0,0,0,0,0,1,0,1,1,0,0,1,0
"Naive",1178,1,1,0,0,0,0,0,0,0,0,0,0,0,0,0,1,0,1,1,0,0,0,0
"Naive",1179,1,1,0,0,0,0,0,0,0,0,0,0,0,0,0,1,0,0,1,0,0,1,0
"Naive",1180,1,1,0,0,0,0,0,0,0,0,0,0,0,0,0,1,0,0,1,0,0,0,0
"Naive",1181,1,1,0,0,0,0,0,0,0,0,0,0,0,0,0,1,0,0,1,0,1,1,0
"Naive",1182,1,1,0,0,0,0,0,0,0,0,0,0,0,0,0,1,0,0,1,0,1,0,0
"Naive",1183,1,1,0,0,0,0,0,0,0,0,0,0,0,0,0,1,0,0,0,0,1,1,0
"Naive",1184,1,1,0,0,0,0,0,0,0,0,0,0,0,0,0,1,0,0,0,0,1,0,0
"Naive",1185,1,1,0,0,0,0,0,0,0,0,0,0,0,0,0,1,0,0,0,0,0,1,0
"Naive",1186,1,1,0,0,0,0,0,0,0,0,0,0,0,0,0,1,0,0,0,0,0,0,0
"Naive",1187,1,1,0,0,0,0,0,0,0,0,0,0,1,0,0,1,0,0,0,1,0,1,0
"Naive",1188,1,1,0,0,0,0,0,0,0,0,0,0,1,0,0,1,0,0,0,1,0,0,0
"Naive",1189,1,1,0,0,0,0,0,0,0,0,0,0,1,0,0,1,0,0,0,1,1,1,0
"Naive",1190,1,1,0,0,0,0,0,0,0,0,0,0,1,0,0,1,0,0,0,1,1,0,0
"Naive",1191,1,1,0,0,0,0,0,0,0,0,0,0,1,0,0,1,0,0,1,1,1,1,0
"Naive",1192,1,1,0,0,0,0,0,0,0,0,0,0,1,0,0,1,0,0,1,1,1,0,0
"Naive",1193,1,1,0,0,0,0,0,0,0,0,0,0,1,0,0,1,0,0,1,1,0,1,0
"Naive",1194,1,1,0,0,0,0,0,0,0,0,0,0,1,0,0,1,0,0,1,1,0,0,0
"Naive",1195,1,1,0,0,0,0,0,0,0,0,0,0,1,0,0,1,0,1,1,1,0,1,0
"Naive",1196,1,1,0,0,0,0,0,0,0,0,0,0,1,0,0,1,0,1,1,1,0,0,0
"Naive",1197,1,1,0,0,0,0,0,0,0,0,0,0,1,0,0,1,0,1,1,1,1,1,0
"Naive",1198,1,1,0,0,0,0,0,0,0,0,0,0,1,0,0,1,0,1,1,1,1,0,0
"Naive",1199,1,1,0,0,0,0,0,0,0,0,0,0,1,0,0,1,0,1,0,1,1,1,0
"Naive",1200,1,1,0,0,0,0,0,0,0,0,0,0,1,0,0,1,0,1,0,1,1,0,0
"Naive",1201,1,1,0,0,0,0,0,0,0,0,0,0,1,0,0,1,0,1,0,1,0,1,0
"Naive",1202,1,1,0,0,0,0,0,0,0,0,0,0,1,0,0,1,0,1,0,1,0,0,0
"Naive",1203,1,1,0,0,0,0,0,0,0,0,0,0,1,0,0,1,1,1,0,1,0,1,0
"Naive",1204,1,1,0,0,0,0,0,0,0,0,0,0,1,0,0,1,1,1,0,1,0,0,0
"Naive",1205,1,1,0,0,0,0,0,0,0,0,0,0,1,0,0,1,1,1,0,1,1,1,0
"Naive",1206,1,1,0,0,0,0,0,0,0,0,0,0,1,0,0,1,1,1,0,1,1,0,0
"Naive",1207,1,1,0,0,0,0,0,0,0,0,0,0,1,0,0,1,1,1,1,1,1,1,0
"Naive",1208,1,1,0,0,0,0,0,0,0,0,0,0,1,0,0,1,1,1,1,1,1,0,0
"Naive",1209,1,1,0,0,0,0,0,0,0,0,0,0,1,0,0,1,1,1,1,1,0,1,0
"Naive",1210,1,1,0,0,0,0,0,0,0,0,0,0,1,0,0,1,1,1,1,1,0,0,0
"Naive",1211,1,1,0,0,0,0,0,0,0,0,0,0,1,0,0,1,1,0,1,1,0,1,0
"Naive",1212,1,1,0,0,0,0,0,0,0,0,0,0,1,0,0,1,1,0,1,1,0,0,0
"Naive",1213,1,1,0,0,0,0,0,0,0,0,0,0,1,0,0,1,1,0,1,1,1,1,0
"Naive",1214,1,1,0,0,0,0,0,0,0,0,0,0,1,0,0,1,1,0,1,1,1,0,0
"Naive",1215,1,1,0,0,0,0,0,0,0,0,0,0,1,0,0,1,1,0,0,1,1,1,0
"Naive",1216,1,1,0,0,0,0,0,0,0,0,0,0,1,0,0,1,1,0,0,1,1,0,0
"Naive",1217,1,1,0,0,0,0,0,0,0,0,0,0,1,0,0,1,1,0,0,1,0,1,0
"Naive",1218,1,1,0,0,0,0,0,0,0,0,0,0,1,0,0,1,1,0,0,1,0,0,0
"Naive",1219,1,1,0,0,0,0,0,0,0,0,0,0,1,0,0,0,1,0,0,1,0,1,0
"Naive",1220,1,1,0,0,0,0,0,0,0,0,0,0,1,0,0,0,1,0,0,1,0,0,0
"Naive",1221,1,1,0,0,0,0,0,0,0,0,0,0,1,0,0,0,1,0,0,1,1,1,0
"Naive",1222,1,1,0,0,0,0,0,0,0,0,0,0,1,0,0,0,1,0,0,1,1,0,0
"Naive",1223,1,1,0,0,0,0,0,0,0,0,0,0,1,0,0,0,1,0,1,1,1,1,0
"Naive",1224,1,1,0,0,0,0,0,0,0,0,0,0,1,0,0,0,1,0,1,1,1,0,0
"Naive",1225,1,1,0,0,0,0,0,0,0,0,0,0,1,0,0,0,1,0,1,1,0,1,0
"Naive",1226,1,1,0,0,0,0,0,0,0,0,0,0,1,0,0,0,1,0,1,1,0,0,0
"Naive",1227,1,1,0,0,0,0,0,0,0,0,0,0,1,0,0,0,1,1,1,1,0,1,0
"Naive",1228,1,1,0,0,0,0,0,0,0,0,0,0,1,0,0,0,1,1,1,1,0,0,0
"Naive",1229,1,1,0,0,0,0,0,0,0,0,0,0,1,0,0,0,1,1,1,1,1,1,0
"Naive",1230,1,1,0,0,0,0,0,0,0,0,0,0,1,0,0,0,1,1,1,1,1,0,0
"Naive",1231,1,1,0,0,0,0,0,0,0,0,0,0,1,0,0,0,1,1,0,1,1,1,0
"Naive",1232,1,1,0,0,0,0,0,0,0,0,0,0,1,0,0,0,1,1,0,1,1,0,0
"Naive",1233,1,1,0,0,0,0,0,0,0,0,0,0,1,0,0,0,1,1,0,1,0,1,0
"Naive",1234,1,1,0,0,0,0,0,0,0,0,0,0,1,0,0,0,1,1,0,1,0,0,0
"Naive",1235,1,1,0,0,0,0,0,0,0,0,0,0,1,0,0,0,0,1,0,1,0,1,0
"Naive",1236,1,1,0,0,0,0,0,0,0,0,0,0,1,0,0,0,0,1,0,1,0,0,0
"Naive",1237,1,1,0,0,0,0,0,0,0,0,0,0,1,0,0,0,0,1,0,1,1,1,0
"Naive",1238,1,1,0,0,0,0,0,0,0,0,0,0,1,0,0,0,0,1,0,1,1,0,0
"Naive",1239,1,1,0,0,0,0,0,0,0,0,0,0,1,0,0,0,0,1,1,1,1,1,0
"Naive",1240,1,1,0,0,0,0,0,0,0,0,0,0,1,0,0,0,0,1,1,1,1,0,0
"Naive",1241,1,1,0,0,0,0,0,0,0,0,0,0,1,0,0,0,0,1,1,1,0,1,0
"Naive",1242,1,1,0,0,0,0,0,0,0,0,0,0,1,0,0,0,0,1,1,1,0,0,0
"Naive",1243,1,1,0,0,0,0,0,0,0,0,0,0,1,0,0,0,0,0,1,1,0,1,0
"Naive",1244,1,1,0,0,0,0,0,0,0,0,0,0,1,0,0,0,0,0,1,1,0,0,0
"Naive",1245,1,1,0,0,0,0,0,0,0,0,0,0,1,0,0,0,0,0,1,1,1,1,0
"Naive",1246,1,1,0,0,0,0,0,0,0,0,0,0,1,0,0,0,0,0,1,1,1,0,0
"Naive",1247,1,1,0,0,0,0,0,0,0,0,0,0,1,0,0,0,0,0,0,1,1,1,0
"Naive",1248,1,1,0,0,0,0,0,0,0,0,0,0,1,0,0,0,0,0,0,1,1,0,0
"Naive",1249,1,1,0,0,0,0,0,0,0,0,0,0,1,0,0,0,0,0,0,1,0,1,0
"Naive",1250,1,1,0,0,0,0,0,0,0,0,0,0,1,0,0,0,0,0,0,1,0,0,0
